ERC_ID,lat,lng,method,k
0,33.13459243661609,-117.17915719625006,pmedian,10
1,33.90456340043896,-118.09918095066158,pmedian,10
2,37.89454048218946,-122.31116082115123,pmedian,10
3,38.58606847075113,-121.49302689498352,pmedian,10
4,32.78937008247496,-117.11562133895805,pmedian,10
5,33.99608928668617,-117.37962055234708,pmedian,10
6,36.723341026634785,-119.79313006296836,pmedian,10
7,34.18111288717527,-118.48046000390823,pmedian,10
8,37.38713975451685,-121.90519471599619,pmedian,10
9,35.38644723437028,-119.01282327977607,pmedian,10
0,33.60552751989437,-114.53415495827113,pmedian,100
1,33.90456340043896,-118.09918095066158,pmedian,100
2,37.79018034914808,-122.21281460330621,pmedian,100
3,38.58606847075113,-121.49302689498352,pmedian,100
4,32.78937008247496,-117.11562133895805,pmedian,100
5,33.99608928668617,-117.37962055234708,pmedian,100
6,36.723341026634785,-119.79313006296836,pmedian,100
7,34.18111288717527,-118.48046000390823,pmedian,100
8,37.407752865871124,-122.0900528886533,pmedian,100
9,35.38644723437028,-119.01282327977607,pmedian,100
10,39.20060988170745,-121.07841554785209,pmedian,100
11,37.89454048218946,-122.31116082115123,pmedian,100
12,34.011984815691875,-118.28550611816041,pmedian,100
13,34.98286084675871,-120.42477571040098,pmedian,100
14,36.786855229804345,-121.76816088356269,pmedian,100
15,33.70831603647563,-117.80808590052104,pmedian,100
16,38.408549068404376,-122.71640477710255,pmedian,100
17,34.09912394601303,-117.9029727378189,pmedian,100
18,38.90320759623736,-122.61342754454365,pmedian,100
19,34.26775087336975,-119.2044881665481,pmedian,100
20,37.68655862181188,-122.10829473421728,pmedian,100
21,39.32459076280136,-120.19769322369093,pmedian,100
22,33.099606415957865,-117.30889173182548,pmedian,100
23,40.91085699577873,-124.0939415145342,pmedian,100
24,34.09101358896904,-117.51214482784911,pmedian,100
25,34.58444255177004,-118.13250579996631,pmedian,100
26,33.90443531857109,-118.29329635027602,pmedian,100
27,38.22523548190505,-122.11318429535181,pmedian,100
28,33.519425717001475,-117.16555622137344,pmedian,100
29,36.3135938393156,-119.303330759192,pmedian,100
30,39.19548543865063,-123.20363570568409,pmedian,100
31,37.9846004185613,-120.3990083101985,pmedian,100
32,34.07821179836443,-118.21375700806922,pmedian,100
33,37.30597826731256,-120.49916152686606,pmedian,100
34,38.68801431314201,-121.31106955557793,pmedian,100
35,34.00966582781624,-118.40331221879525,pmedian,100
36,39.112920253029685,-121.58652480611114,pmedian,100
37,34.01164104906881,-117.81390868047501,pmedian,100
38,37.78138443898096,-122.39422409896021,pmedian,100
39,34.011912919227996,-118.19692455965652,pmedian,100
40,33.89001976875867,-117.5906988941363,pmedian,100
41,38.70890778624169,-120.81408080734279,pmedian,100
42,37.7381945484622,-121.58597170536163,pmedian,100
43,34.29798596242577,-118.48838365448533,pmedian,100
44,34.096049760198746,-117.29720902816194,pmedian,100
45,41.41001015736498,-122.39393281070674,pmedian,100
46,37.311075735692725,-121.90064998264842,pmedian,100
47,33.90251494173033,-118.19743151003925,pmedian,100
48,33.7923224962731,-117.88913771026246,pmedian,100
49,33.99712266030868,-118.09615137499647,pmedian,100
50,34.309384139599636,-117.46862432870904,pmedian,100
51,37.56709398625614,-122.30093917507293,pmedian,100
52,37.98528889530673,-121.29539798416293,pmedian,100
53,34.093150278219845,-117.9970342684327,pmedian,100
54,35.59420953825565,-120.69780042503068,pmedian,100
55,34.089283600946985,-117.59653926128323,pmedian,100
56,40.41437003225807,-120.69298349462365,pmedian,100
57,37.991210312466194,-122.08139379922957,pmedian,100
58,37.61573271382141,-120.99629852202641,pmedian,100
59,33.60113414857968,-117.6957434674352,pmedian,100
60,36.989135663467884,-121.99348272301016,pmedian,100
61,38.59761784808204,-121.40155966229898,pmedian,100
62,37.09098417741359,-121.00463651152884,pmedian,100
63,38.4866328302621,-121.41152190105703,pmedian,100
64,37.60763077898613,-118.81212853396124,pmedian,100
65,33.88618022371379,-117.89148943480234,pmedian,100
66,32.7898033486076,-117.18765990989533,pmedian,100
67,34.42366359900422,-119.70344612366824,pmedian,100
68,37.99043593129201,-122.5265493819473,pmedian,100
69,32.70337668874074,-117.10876443277652,pmedian,100
70,34.08762985021037,-117.80939928768589,pmedian,100
71,34.093463178992,-118.28652948967287,pmedian,100
72,37.69837368198857,-121.90797889211824,pmedian,100
73,33.11057240741557,-117.09936830098289,pmedian,100
74,38.912006476874936,-121.09727086288302,pmedian,100
75,34.18767749529863,-118.89440069117458,pmedian,100
76,33.79681149656432,-118.09636100471363,pmedian,100
77,34.187849616007604,-118.4003238788595,pmedian,100
78,41.77585129970172,-124.18849343437189,pmedian,100
79,37.82302057564293,-122.28753165080275,pmedian,100
80,36.9966196536902,-121.56400236662998,pmedian,100
81,37.38713975451685,-121.90519471599619,pmedian,100
82,34.48124578449005,-118.61981396911686,pmedian,100
83,34.095228832361656,-117.6958365829833,pmedian,100
84,34.172145883607435,-118.30345940176453,pmedian,100
85,39.71652226087,-121.80545845934292,pmedian,100
86,37.307870796570626,-119.67613906489038,pmedian,100
87,33.917446362365105,-117.28262418350454,pmedian,100
88,38.60730821252265,-121.30956915915239,pmedian,100
89,33.88379398308072,-118.01271209839825,pmedian,100
90,36.084790875536974,-120.09654809778455,pmedian,100
91,34.02239165917724,-118.00274739717277,pmedian,100
92,34.088341047416456,-117.21133892850935,pmedian,100
93,33.81712878490943,-118.20238848179275,pmedian,100
94,38.33268911363636,-120.78484556818181,pmedian,100
95,37.621702708160015,-122.08132096856409,pmedian,100
96,33.68759616571216,-117.88694867921605,pmedian,100
97,39.87443096562265,-123.72310104511065,pmedian,100
98,33.92100499609652,-118.3680870305356,pmedian,100
99,40.39793499073754,-122.28903834327078,pmedian,100
0,33.13459243661609,-117.17915719625006,pmedian,1000
1,33.90456340043896,-118.09918095066158,pmedian,1000
2,37.86610049443294,-122.03414032138339,pmedian,1000
3,38.58606847075113,-121.49302689498352,pmedian,1000
4,32.78937008247496,-117.11562133895805,pmedian,1000
5,33.99608928668617,-117.37962055234708,pmedian,1000
6,36.723341026634785,-119.79313006296836,pmedian,1000
7,34.18111288717527,-118.48046000390823,pmedian,1000
8,37.397071420634845,-121.99523549351348,pmedian,1000
9,35.38644723437028,-119.01282327977607,pmedian,1000
10,37.7898118976035,-121.20231891780652,pmedian,1000
11,37.89454048218946,-122.31116082115123,pmedian,1000
12,34.011984815691875,-118.28550611816041,pmedian,1000
13,34.98286084675871,-120.42477571040098,pmedian,1000
14,36.786855229804345,-121.76816088356269,pmedian,1000
15,33.70831603647563,-117.80808590052104,pmedian,1000
16,38.50544315541548,-122.78140129348643,pmedian,1000
17,34.09912394601303,-117.9029727378189,pmedian,1000
18,40.18409134386226,-122.21612736170124,pmedian,1000
19,34.28474148128218,-119.29690351040082,pmedian,1000
20,37.68655862181188,-122.10829473421728,pmedian,1000
21,39.319797683088964,-120.60084397567087,pmedian,1000
22,33.18101591680745,-117.31282756913511,pmedian,1000
23,40.91085699577873,-124.0939415145342,pmedian,1000
24,34.09101358896904,-117.51214482784911,pmedian,1000
25,34.58444255177004,-118.13250579996631,pmedian,1000
26,33.90443531857109,-118.29329635027602,pmedian,1000
27,38.22523548190505,-122.11318429535181,pmedian,1000
28,33.519425717001475,-117.16555622137344,pmedian,1000
29,36.310687688597454,-119.39081046877445,pmedian,1000
30,39.23738703971333,-123.11533691157103,pmedian,1000
31,38.01024797378953,-120.49051184950045,pmedian,1000
32,34.07821179836443,-118.21375700806922,pmedian,1000
33,37.30597826731256,-120.49916152686606,pmedian,1000
34,38.68801431314201,-121.31106955557793,pmedian,1000
35,34.00966582781624,-118.40331221879525,pmedian,1000
36,39.202416392522274,-121.61415351073863,pmedian,1000
37,33.995438932374206,-117.90500149794552,pmedian,1000
38,37.78138443898096,-122.39422409896021,pmedian,1000
39,34.011912919227996,-118.19692455965652,pmedian,1000
40,33.89001976875867,-117.5906988941363,pmedian,1000
41,38.70890778624169,-120.81408080734279,pmedian,1000
42,37.7381945484622,-121.58597170536163,pmedian,1000
43,34.29798596242577,-118.48838365448533,pmedian,1000
44,34.096049760198746,-117.29720902816194,pmedian,1000
45,41.41001015736498,-122.39393281070674,pmedian,1000
46,37.311075735692725,-121.90064998264842,pmedian,1000
47,33.90251494173033,-118.19743151003925,pmedian,1000
48,33.7923224962731,-117.88913771026246,pmedian,1000
49,33.99712266030868,-118.09615137499647,pmedian,1000
50,34.309384139599636,-117.46862432870904,pmedian,1000
51,37.56709398625614,-122.30093917507293,pmedian,1000
52,37.98528889530673,-121.29539798416293,pmedian,1000
53,34.093150278219845,-117.9970342684327,pmedian,1000
54,35.59420953825565,-120.69780042503068,pmedian,1000
55,34.089283600946985,-117.59653926128323,pmedian,1000
56,40.41437003225807,-120.69298349462365,pmedian,1000
57,37.991210312466194,-122.08139379922957,pmedian,1000
58,37.61573271382141,-120.99629852202641,pmedian,1000
59,33.60113414857968,-117.6957434674352,pmedian,1000
60,36.989135663467884,-121.99348272301016,pmedian,1000
61,38.59761784808204,-121.40155966229898,pmedian,1000
62,37.09098417741359,-121.00463651152884,pmedian,1000
63,38.4866328302621,-121.41152190105703,pmedian,1000
64,37.60763077898613,-118.81212853396124,pmedian,1000
65,33.88618022371379,-117.89148943480234,pmedian,1000
66,32.7898033486076,-117.18765990989533,pmedian,1000
67,34.42366359900422,-119.70344612366824,pmedian,1000
68,37.99043593129201,-122.5265493819473,pmedian,1000
69,32.70337668874074,-117.10876443277652,pmedian,1000
70,34.08762985021037,-117.80939928768589,pmedian,1000
71,34.093463178992,-118.28652948967287,pmedian,1000
72,37.69837368198857,-121.90797889211824,pmedian,1000
73,33.11057240741557,-117.09936830098289,pmedian,1000
74,38.912006476874936,-121.09727086288302,pmedian,1000
75,34.18767749529863,-118.89440069117458,pmedian,1000
76,33.79681149656432,-118.09636100471363,pmedian,1000
77,34.187849616007604,-118.4003238788595,pmedian,1000
78,41.77585129970172,-124.18849343437189,pmedian,1000
79,37.82302057564293,-122.28753165080275,pmedian,1000
80,36.9966196536902,-121.56400236662998,pmedian,1000
81,37.38713975451685,-121.90519471599619,pmedian,1000
82,34.48124578449005,-118.61981396911686,pmedian,1000
83,34.095228832361656,-117.6958365829833,pmedian,1000
84,34.172145883607435,-118.30345940176453,pmedian,1000
85,39.71652226087,-121.80545845934292,pmedian,1000
86,37.307870796570626,-119.67613906489038,pmedian,1000
87,33.917446362365105,-117.28262418350454,pmedian,1000
88,38.60730821252265,-121.30956915915239,pmedian,1000
89,33.88379398308072,-118.01271209839825,pmedian,1000
90,36.084790875536974,-120.09654809778455,pmedian,1000
91,34.02239165917724,-118.00274739717277,pmedian,1000
92,34.088341047416456,-117.21133892850935,pmedian,1000
93,33.81712878490943,-118.20238848179275,pmedian,1000
94,38.33268911363636,-120.78484556818181,pmedian,1000
95,37.621702708160015,-122.08132096856409,pmedian,1000
96,33.68759616571216,-117.88694867921605,pmedian,1000
97,39.87443096562265,-123.72310104511065,pmedian,1000
98,33.92100499609652,-118.3680870305356,pmedian,1000
99,40.598584832155154,-122.37421058752079,pmedian,1000
100,38.90320759623736,-122.61342754454365,pmedian,1000
101,37.79018034914808,-122.21281460330621,pmedian,1000
102,34.02512016295492,-117.58011993184633,pmedian,1000
103,38.50186027497781,-121.79164321476212,pmedian,1000
104,37.985775069232496,-122.30238492420747,pmedian,1000
105,34.08585396459636,-117.40153367949208,pmedian,1000
106,34.083937210191266,-118.09228995052568,pmedian,1000
107,39.20060988170745,-121.07841554785209,pmedian,1000
108,35.08217608644213,-118.18546067698601,pmedian,1000
109,38.516745892003264,-121.4785847802026,pmedian,1000
110,39.32459076280136,-120.19769322369093,pmedian,1000
111,38.2906808552728,-122.29842000362189,pmedian,1000
112,38.00103979770019,-121.79695952693316,pmedian,1000
113,32.89344210691625,-117.21608055741169,pmedian,1000
114,36.30796363276234,-121.21344815937195,pmedian,1000
115,36.07418248115666,-119.0146093882499,pmedian,1000
116,33.7943980028494,-117.82872085833395,pmedian,1000
117,38.408549068404376,-122.71640477710255,pmedian,1000
118,37.482752798387956,-122.20235140340138,pmedian,1000
119,35.084070138282705,-118.9895306720118,pmedian,1000
120,39.29959484555556,-123.79433551243056,pmedian,1000
121,34.01164104906881,-117.81390868047501,pmedian,1000
122,35.60099382920391,-119.20675763631918,pmedian,1000
123,38.82448414209111,-120.02660169329937,pmedian,1000
124,34.191035813161335,-114.58743040338852,pmedian,1000
125,36.9869358286878,-120.08708431657234,pmedian,1000
126,38.094880707265865,-122.223276112653,pmedian,1000
127,34.21643704952153,-117.1948790187363,pmedian,1000
128,33.81884541817958,-118.28333591682068,pmedian,1000
129,33.29984915653674,-117.19105713600248,pmedian,1000
130,33.80659781812685,-117.50490442102569,pmedian,1000
131,34.09607813762996,-118.46874816042671,pmedian,1000
132,33.99777668585015,-117.32597326971523,pmedian,1000
133,37.186783707062375,-121.98667023860963,pmedian,1000
134,33.01036486703494,-117.26673511579831,pmedian,1000
135,38.19584427873664,-121.27704436802333,pmedian,1000
136,33.50202701385752,-117.67024972336417,pmedian,1000
137,33.888004532931625,-117.50419105595483,pmedian,1000
138,39.93552350822512,-120.92141783097189,pmedian,1000
139,34.27632573851346,-118.42178842158009,pmedian,1000
140,34.023286149470586,-117.70653283520392,pmedian,1000
141,33.79898795339767,-117.21504057943069,pmedian,1000
142,34.21320351984512,-117.41247116365297,pmedian,1000
143,38.680595981584425,-121.37462703006776,pmedian,1000
144,33.78065620049525,-117.99874474142814,pmedian,1000
145,37.61673742462878,-122.40456401715512,pmedian,1000
146,37.49525635448205,-121.92906718996622,pmedian,1000
147,34.17193219198575,-118.59606544227813,pmedian,1000
148,33.87703573939279,-117.69604946344738,pmedian,1000
149,39.17429012671004,-122.12151434248106,pmedian,1000
150,36.58517946205345,-121.89560365368402,pmedian,1000
151,37.71438638334289,-121.39564166707521,pmedian,1000
152,34.38091032620662,-118.48866362459101,pmedian,1000
153,38.78374704393025,-121.2789384602716,pmedian,1000
154,34.49404043909541,-117.32023210488144,pmedian,1000
155,32.995808472473314,-117.09207466059969,pmedian,1000
156,37.590964510606725,-121.8869585422721,pmedian,1000
157,34.4996807112058,-120.21712491722836,pmedian,1000
158,36.7809370521936,-119.79513938888819,pmedian,1000
159,37.122284594053944,-121.98462533707257,pmedian,1000
160,36.30953336376267,-119.69722185497666,pmedian,1000
161,37.711158218449974,-121.70121282861668,pmedian,1000
162,37.305391342140666,-121.8255489271338,pmedian,1000
163,37.71723775188013,-122.4113073500872,pmedian,1000
164,37.30343956051675,-121.99076740187282,pmedian,1000
165,36.701192862782094,-121.678834606225,pmedian,1000
166,39.497289841524484,-121.58118810538005,pmedian,1000
167,35.40284960478543,-119.40088607377339,pmedian,1000
168,36.51831387531907,-119.29376147652616,pmedian,1000
169,35.69834259388492,-117.86816480096412,pmedian,1000
170,35.19271730162742,-120.689115692072,pmedian,1000
171,40.91887528668001,-121.60445213308897,pmedian,1000
172,38.60512293825137,-122.59584635755213,pmedian,1000
173,34.01884264985146,-117.10369354361276,pmedian,1000
174,34.209612535988484,-119.10344546224688,pmedian,1000
175,38.21496106264319,-122.49951091534581,pmedian,1000
176,36.97680968010844,-121.39594934466366,pmedian,1000
177,37.517704552768535,-122.29616926556783,pmedian,1000
178,33.71230524270389,-117.39815826063537,pmedian,1000
179,38.311220406022436,-122.02404671693321,pmedian,1000
180,34.818463778760346,-118.87589974705025,pmedian,1000
181,37.98921647630057,-120.29685816831531,pmedian,1000
182,38.15981415827741,-121.682461424232,pmedian,1000
183,35.610556771375386,-118.48590718017223,pmedian,1000
184,37.909720152160155,-122.07336309312015,pmedian,1000
185,38.63055574083713,-121.20123513600699,pmedian,1000
186,37.79177723229253,-120.89498542073585,pmedian,1000
187,37.79086052051746,-121.30421653356042,pmedian,1000
188,34.49315334423458,-118.19818136118705,pmedian,1000
189,38.49235705415108,-122.99564290196528,pmedian,1000
190,37.904594428538175,-121.28705955650948,pmedian,1000
191,37.000395121238114,-119.51369865596513,pmedian,1000
192,34.40282461412871,-118.57867773113318,pmedian,1000
193,34.01880277720149,-118.47363969148367,pmedian,1000
194,37.407752865871124,-122.0900528886533,pmedian,1000
195,37.908368963021374,-122.5100289787978,pmedian,1000
196,37.51352795659887,-120.89004428773862,pmedian,1000
197,36.586950142960326,-119.6116095402456,pmedian,1000
198,38.69873345075388,-121.78384343195931,pmedian,1000
199,41.87953665864403,-122.57106771609187,pmedian,1000
200,33.099606415957865,-117.30889173182548,pmedian,1000
201,37.188409397573984,-121.69791624166044,pmedian,1000
202,33.38568285467537,-117.1960637261134,pmedian,1000
203,38.01481579049538,-121.91327080638541,pmedian,1000
204,32.60610768040907,-117.08413052589577,pmedian,1000
205,37.686188241874504,-122.46979046437625,pmedian,1000
206,36.56993188235294,-120.51224238235294,pmedian,1000
207,32.902885733595014,-117.113422238248,pmedian,1000
208,38.3108784024802,-119.31317661357288,pmedian,1000
209,33.4112576908068,-117.60107127093997,pmedian,1000
210,41.417992101488,-120.90020073997958,pmedian,1000
211,34.272613648288676,-118.59354795240598,pmedian,1000
212,37.48969380842545,-119.98336896973231,pmedian,1000
213,33.588364577713826,-117.19013848680588,pmedian,1000
214,34.12352246191828,-118.37677502321453,pmedian,1000
215,33.72690729492112,-117.98141018853602,pmedian,1000
216,37.890712034697756,-121.61783306087791,pmedian,1000
217,33.72215535100858,-117.09691472568981,pmedian,1000
218,38.300686961214126,-122.69271734184436,pmedian,1000
219,34.87463105571958,-117.09295866423072,pmedian,1000
220,38.19089172883217,-120.81563809843576,pmedian,1000
221,37.526909072305635,-121.9954501827428,pmedian,1000
222,38.680627370737106,-121.50560694453404,pmedian,1000
223,33.60552751989437,-114.53415495827113,pmedian,1000
224,38.691619265428926,-121.21698383000522,pmedian,1000
225,32.72883362305503,-117.1695665835538,pmedian,1000
226,34.00681482112579,-117.52018866119376,pmedian,1000
227,37.09391647889629,-122.09784084744084,pmedian,1000
228,36.20414253295699,-119.31864293276347,pmedian,1000
229,35.31735448991463,-119.02080839550104,pmedian,1000
230,35.2313148064929,-118.57546445042588,pmedian,1000
231,37.871885212016,-122.19684034936245,pmedian,1000
232,39.49351596050422,-123.38607499780272,pmedian,1000
233,40.426057418709384,-123.99007088741276,pmedian,1000
234,36.911085772135955,-121.78483416489614,pmedian,1000
235,40.917943843084196,-123.70623906726802,pmedian,1000
236,34.195828690848415,-117.30591967312861,pmedian,1000
237,34.26775087336975,-119.2044881665481,pmedian,1000
238,36.779876647987074,-119.71652119714643,pmedian,1000
239,37.402222430152,-121.11247970411924,pmedian,1000
240,37.416133428955845,-122.20329835268527,pmedian,1000
241,33.919852371581776,-117.41328628694576,pmedian,1000
242,33.185317059730096,-117.21341791645231,pmedian,1000
243,38.40988071855423,-121.90660714077544,pmedian,1000
244,37.72503737997315,-122.17995681134099,pmedian,1000
245,36.3135938393156,-119.303330759192,pmedian,1000
246,37.37145338770233,-118.41217059792585,pmedian,1000
247,34.1920404496497,-118.23559547009485,pmedian,1000
248,38.09681746363907,-121.27618317419383,pmedian,1000
249,39.112920253029685,-121.58652480611114,pmedian,1000
250,37.70000212664983,-121.79978089201778,pmedian,1000
251,33.8589189298107,-117.79636481582192,pmedian,1000
252,37.71182207695929,-121.09030793610152,pmedian,1000
253,33.922802879310346,-116.68461255172414,pmedian,1000
254,37.2932446666247,-120.3125122074997,pmedian,1000
255,33.93695358064026,-117.21400714816784,pmedian,1000
256,36.87356215423056,-121.5937633978205,pmedian,1000
257,39.00870244310876,-122.90177095724987,pmedian,1000
258,38.30091137208451,-121.3142025782073,pmedian,1000
259,34.392133896763305,-117.40602357391766,pmedian,1000
260,33.81857725062815,-117.28085150382311,pmedian,1000
261,35.087961364605064,-119.39501810445907,pmedian,1000
262,35.61664202114133,-119.67081334556046,pmedian,1000
263,33.69024863412961,-117.31296880354472,pmedian,1000
264,37.97559602829761,-121.23072856568668,pmedian,1000
265,35.79735956158783,-119.26328248391229,pmedian,1000
266,37.71526676142443,-120.20330793037023,pmedian,1000
267,38.57732344750915,-121.5856642993719,pmedian,1000
268,34.12969146932094,-118.7082990728554,pmedian,1000
269,33.19778998498795,-117.37190968276984,pmedian,1000
270,39.90644066602472,-122.19209706279987,pmedian,1000
271,37.80854145219128,-121.99379509839268,pmedian,1000
272,38.79512842688945,-123.001657737206,pmedian,1000
273,39.81616242493997,-120.3954251963512,pmedian,1000
274,35.40923288603428,-119.08116319959174,pmedian,1000
275,34.51018646639225,-117.9112417488768,pmedian,1000
276,38.77463470588235,-123.53020101176469,pmedian,1000
277,36.718215154243545,-120.08231144394834,pmedian,1000
278,35.57109860840947,-121.09866663026132,pmedian,1000
279,35.37487429416097,-118.92647255359405,pmedian,1000
280,38.67327641791522,-120.99665479702526,pmedian,1000
281,33.41209706060496,-117.11880548245797,pmedian,1000
282,38.21684099144503,-122.60684615134276,pmedian,1000
283,32.791652053357865,-116.99556422079117,pmedian,1000
284,34.39550068589332,-119.50876196971477,pmedian,1000
285,38.405151085586795,-121.48670302782934,pmedian,1000
286,32.73537042324842,-114.62367724428488,pmedian,1000
287,34.286036216475054,-118.89272233663681,pmedian,1000
288,36.78905454201739,-121.6916206597321,pmedian,1000
289,38.40022571801594,-122.79814776178101,pmedian,1000
290,37.48654889784685,-122.11675245201685,pmedian,1000
291,34.68359440926033,-118.17803615586564,pmedian,1000
292,36.89476419884126,-121.71977381667644,pmedian,1000
293,34.8014134614008,-114.59212499757123,pmedian,1000
294,38.41085957421586,-120.59952067713547,pmedian,1000
295,36.70813631276859,-119.59840775448133,pmedian,1000
296,37.61847800121468,-121.30991358387385,pmedian,1000
297,38.00598145923475,-122.00859162346332,pmedian,1000
298,38.10325176672961,-121.38745802785539,pmedian,1000
299,37.76315080095445,-121.49209805283198,pmedian,1000
300,37.36841481750437,-121.83139050173769,pmedian,1000
301,37.42237099478545,-120.7929986391759,pmedian,1000
302,34.89296630254989,-120.41937453231687,pmedian,1000
303,40.27038962763872,-121.2823678431043,pmedian,1000
304,36.97803460687273,-121.90139221279381,pmedian,1000
305,37.504009953287365,-122.37931617477146,pmedian,1000
306,39.190536019250004,-120.11523144171419,pmedian,1000
307,37.687859319540124,-121.01240095769072,pmedian,1000
308,39.40814649111865,-120.0284704716014,pmedian,1000
309,38.47714117178012,-122.41328201791168,pmedian,1000
310,34.43869157115286,-119.79303316812076,pmedian,1000
311,34.40337574400445,-119.29714534496009,pmedian,1000
312,37.311735786031974,-122.07511889421275,pmedian,1000
313,35.28753314066152,-118.91088784306366,pmedian,1000
314,40.39793499073754,-122.28903834327078,pmedian,1000
315,38.40978834437959,-121.38816886108594,pmedian,1000
316,36.90421019335958,-119.79434588160332,pmedian,1000
317,37.81934852534465,-122.4784459514689,pmedian,1000
318,36.98442557604851,-120.66113518638083,pmedian,1000
319,37.59383343793298,-120.91758424173835,pmedian,1000
320,38.22955964590793,-122.26515512426712,pmedian,1000
321,38.07432486562758,-122.80493178743276,pmedian,1000
322,33.7015614877813,-117.17986470751741,pmedian,1000
323,39.21222865275052,-120.78994414770342,pmedian,1000
324,37.72599065793892,-121.5094168416864,pmedian,1000
325,38.715338691036074,-120.70427879809766,pmedian,1000
326,34.6133550042461,-120.08784545972617,pmedian,1000
327,38.50223888165887,-121.32187333102392,pmedian,1000
328,37.105337382238794,-121.61474594693794,pmedian,1000
329,36.79622944946673,-119.88977965439348,pmedian,1000
330,34.29950109670509,-119.10913858072513,pmedian,1000
331,38.19416598317759,-120.39123586542809,pmedian,1000
332,33.627974845111005,-117.40999118285747,pmedian,1000
333,36.49027551138206,-121.41435425398214,pmedian,1000
334,38.48571308013066,-122.72061011619472,pmedian,1000
335,40.78545503911372,-124.17613951048384,pmedian,1000
336,34.99189218605148,-117.53838390910148,pmedian,1000
337,38.67907951251397,-121.07564149118237,pmedian,1000
338,36.521163048319025,-119.80707354161615,pmedian,1000
339,38.29721931797351,-122.48411150918385,pmedian,1000
340,34.57980925065922,-118.69580295194163,pmedian,1000
341,37.9846004185613,-120.3990083101985,pmedian,1000
342,39.80190339716312,-123.23061766666667,pmedian,1000
343,37.07013481462698,-121.21096781590424,pmedian,1000
344,38.095906426714315,-122.51463230335668,pmedian,1000
345,34.20789759346027,-119.00622707862489,pmedian,1000
346,39.19548543865063,-123.20363570568409,pmedian,1000
347,36.19884347943099,-121.11884324173084,pmedian,1000
348,36.52519971392633,-119.59049456201357,pmedian,1000
349,34.18627112548975,-118.82603289286772,pmedian,1000
350,37.56802677281039,-122.03792839055328,pmedian,1000
351,35.114784439726904,-120.59963267759451,pmedian,1000
352,39.8269051107595,-121.59833890189873,pmedian,1000
353,34.87097320268873,-118.17549356627023,pmedian,1000
354,39.33093476470588,-121.31715231372549,pmedian,1000
355,33.92987778702813,-117.10962555936159,pmedian,1000
356,38.26543974591662,-122.06783933984475,pmedian,1000
357,38.19107034448003,-122.18600380980443,pmedian,1000
358,33.67770313551293,-117.71811785549455,pmedian,1000
359,37.23761494987755,-121.7897141295858,pmedian,1000
360,39.51436830177223,-122.20629366268412,pmedian,1000
361,38.675644679667094,-121.60394778039529,pmedian,1000
362,40.11011648933425,-123.80395970147126,pmedian,1000
363,36.698080527873735,-119.71420070858007,pmedian,1000
364,33.487549226772984,-117.13011059125927,pmedian,1000
365,32.984235094535684,-117.21904806955573,pmedian,1000
366,38.69091897975879,-121.99355070616974,pmedian,1000
367,38.788077013920734,-122.59271859990442,pmedian,1000
368,35.314021507224545,-120.81870600074728,pmedian,1000
369,37.33331761981446,-120.59041366476326,pmedian,1000
370,38.795875003897955,-121.20693926237762,pmedian,1000
371,39.00224041397854,-121.00259395847895,pmedian,1000
372,33.59044174887594,-117.11824976810583,pmedian,1000
373,34.69848307895944,-120.47915879663104,pmedian,1000
374,34.483195898721455,-118.30367384902866,pmedian,1000
375,41.29705366044724,-122.3078386155442,pmedian,1000
376,40.473042232652965,-123.79914310593547,pmedian,1000
377,39.32332830268392,-120.40329470831142,pmedian,1000
378,36.30411587637443,-119.11828260926558,pmedian,1000
379,36.273337132582725,-121.8179845409251,pmedian,1000
380,36.59872342986094,-118.06804566921801,pmedian,1000
381,34.040436485790494,-118.58382608459705,pmedian,1000
382,38.083938903913186,-122.12297743370755,pmedian,1000
383,33.589123683093725,-117.62191204585056,pmedian,1000
384,39.29297141695764,-121.09076292594295,pmedian,1000
385,36.7263837826688,-119.88373756422419,pmedian,1000
386,37.764711859366955,-121.41049785425523,pmedian,1000
387,34.50749006147327,-118.11762890709323,pmedian,1000
388,35.39864519733707,-120.6234533950107,pmedian,1000
389,34.208575158366,-117.112015650445,pmedian,1000
390,34.01550399674823,-117.17940621100581,pmedian,1000
391,36.107460607622976,-119.52027063041166,pmedian,1000
392,37.09889394629362,-119.32100115811049,pmedian,1000
393,33.62214357705646,-117.29476749328803,pmedian,1000
394,37.7011224749075,-122.01928682989038,pmedian,1000
395,36.596729187238054,-119.3085981070606,pmedian,1000
396,37.92958383212341,-122.38657237357381,pmedian,1000
397,34.12911709792389,-118.78633328710916,pmedian,1000
398,35.014535591561504,-120.49076727096725,pmedian,1000
399,40.07709320582775,-120.13117244858041,pmedian,1000
400,34.317107841538196,-118.11647159100008,pmedian,1000
401,37.203163448005895,-119.71598220394499,pmedian,1000
402,33.189727552915016,-117.11690262627305,pmedian,1000
403,38.788415231060796,-121.51401741187301,pmedian,1000
404,37.911367181854864,-121.22207996691645,pmedian,1000
405,39.105974840778515,-120.98483285803229,pmedian,1000
406,38.399806072168026,-122.19852143439073,pmedian,1000
407,34.22734702386605,-119.18159703929307,pmedian,1000
408,36.9894690455414,-121.70620605075374,pmedian,1000
409,38.02195552945953,-122.21674302695205,pmedian,1000
410,38.99429840285044,-121.09487871842033,pmedian,1000
411,37.110125071272165,-120.27844783473174,pmedian,1000
412,34.41128274911614,-117.59542736792882,pmedian,1000
413,40.496403721311474,-121.89837731967212,pmedian,1000
414,38.68864862138073,-120.9072071234252,pmedian,1000
415,37.67025656144231,-120.46548459067307,pmedian,1000
416,36.89503903510537,-121.4068780759492,pmedian,1000
417,34.60509126849479,-118.39058857288614,pmedian,1000
418,36.300673429497486,-120.27811040174743,pmedian,1000
419,36.618242880494115,-119.68691966717753,pmedian,1000
420,35.71704764640529,-120.30300024153371,pmedian,1000
421,38.307654786267115,-122.90005297387276,pmedian,1000
422,38.37004757485243,-121.97282563170003,pmedian,1000
423,34.42696509490931,-118.40627171857558,pmedian,1000
424,36.91566009245064,-120.01444963445375,pmedian,1000
425,33.0285848125,-116.88658594374999,pmedian,1000
426,38.5009925950193,-121.21660718045473,pmedian,1000
427,35.896491364373084,-119.27558379541199,pmedian,1000
428,38.411557974211895,-122.59410234247527,pmedian,1000
429,38.01344293553537,-120.64058322921413,pmedian,1000
430,39.39162716381645,-121.6864667860339,pmedian,1000
431,35.12602090173082,-118.48944167304217,pmedian,1000
432,36.103519709899565,-119.09299593376335,pmedian,1000
433,38.763140330376224,-120.51057491694674,pmedian,1000
434,41.31603168446571,-124.0395621668533,pmedian,1000
435,37.305361561321995,-122.39797646475233,pmedian,1000
436,37.388460429335495,-120.70610695559304,pmedian,1000
437,40.49107560818791,-122.31890681131708,pmedian,1000
438,38.67760618710837,-122.59995597948982,pmedian,1000
439,38.70177477667369,-119.9857472398971,pmedian,1000
440,38.8987123606002,-120.89201617503385,pmedian,1000
441,39.107897722338144,-122.89494989538194,pmedian,1000
442,36.68584833402627,-121.62771004727587,pmedian,1000
443,39.405344208622964,-123.79921119817948,pmedian,1000
444,37.707749432712966,-120.91232612328837,pmedian,1000
445,36.48156652941694,-121.72686483436931,pmedian,1000
446,38.0130695347095,-121.0995485412928,pmedian,1000
447,41.79911747813833,-123.33341544367667,pmedian,1000
448,36.90094421357788,-120.81373846043168,pmedian,1000
449,38.406199738870185,-122.88994645553603,pmedian,1000
450,34.60748777882486,-117.82635656759572,pmedian,1000
451,34.4214196311276,-119.60552622257808,pmedian,1000
452,33.80554899401198,-116.38698683832335,pmedian,1000
453,39.00946178631325,-122.69737320848192,pmedian,1000
454,39.49247750659317,-121.50295490083691,pmedian,1000
455,40.76536340991739,-122.00693145596404,pmedian,1000
456,39.109569166644825,-121.0863430580482,pmedian,1000
457,37.48652514483211,-120.81498048866717,pmedian,1000
458,37.8992156895353,-121.69853930998546,pmedian,1000
459,35.2085582802598,-119.00599975689305,pmedian,1000
460,41.70240080277621,-122.6168833211404,pmedian,1000
461,38.53769542765437,-121.7328165699586,pmedian,1000
462,39.062315392857144,-123.43743199999999,pmedian,1000
463,34.480826607237525,-119.79475743409166,pmedian,1000
464,34.38646118550269,-118.91532291940084,pmedian,1000
465,38.50077369665466,-123.20123112481379,pmedian,1000
466,37.4964830859633,-121.18455088646661,pmedian,1000
467,36.798797962967015,-120.41691617058272,pmedian,1000
468,37.77299793303271,-121.12144433410407,pmedian,1000
469,35.87167762401016,-120.82851630631875,pmedian,1000
470,33.63504496895341,-117.89340241054077,pmedian,1000
471,37.224993152237005,-121.08137260983207,pmedian,1000
472,38.18177461602586,-122.43527082522817,pmedian,1000
473,38.20971627478347,-121.41249472622789,pmedian,1000
474,37.609326294779706,-122.1804519927144,pmedian,1000
475,33.81468355517826,-117.11722397163084,pmedian,1000
476,33.305835980051164,-117.47195934565545,pmedian,1000
477,34.12366481166478,-119.09552162236078,pmedian,1000
478,37.90473141778453,-119.09651671800977,pmedian,1000
479,39.10054129101781,-121.53311215849206,pmedian,1000
480,35.95711873785989,-119.93503428213371,pmedian,1000
481,34.690883229579484,-118.7803687900029,pmedian,1000
482,38.31031906884161,-120.90682985549044,pmedian,1000
483,38.984088958599976,-123.10844212309182,pmedian,1000
484,39.204331501877114,-121.01226394897539,pmedian,1000
485,35.50629242592332,-120.69340001780975,pmedian,1000
486,34.191882593741695,-117.87809722702474,pmedian,1000
487,38.88444936291125,-121.31118341784837,pmedian,1000
488,37.97326524014454,-121.72257203469076,pmedian,1000
489,39.00666581988191,-121.60148605852044,pmedian,1000
490,37.82698403810844,-120.21553960840956,pmedian,1000
491,34.908832207175344,-118.91543375419761,pmedian,1000
492,36.198653950949975,-119.10082046291318,pmedian,1000
493,32.72092732737276,-117.00685625722146,pmedian,1000
494,36.89083700595805,-119.70993123308057,pmedian,1000
495,41.97546698481026,-121.90847932297804,pmedian,1000
496,38.010843462066056,-120.23077766542912,pmedian,1000
497,34.62937039948012,-118.17843376908151,pmedian,1000
498,37.19406475509445,-122.1027509448169,pmedian,1000
499,38.48892863986165,-122.89185528557884,pmedian,1000
500,33.29328196700499,-117.12383090818354,pmedian,1000
501,38.10564644686384,-121.19255785257822,pmedian,1000
502,38.61081768708751,-122.87411134987647,pmedian,1000
503,36.60429362173455,-121.81043606262587,pmedian,1000
504,39.72798669031277,-122.01075491423883,pmedian,1000
505,38.124661571516256,-122.27531305855243,pmedian,1000
506,34.27966791055346,-118.695244898899,pmedian,1000
507,41.08072696186498,-123.68786331294555,pmedian,1000
508,33.52024310617489,-117.61429221033487,pmedian,1000
509,39.20831798678532,-121.19219879045902,pmedian,1000
510,35.287737518783615,-120.68481873484495,pmedian,1000
511,36.30900711682166,-119.20544454230593,pmedian,1000
512,36.088643922672304,-119.31374239515176,pmedian,1000
513,34.16553421478908,-117.46709182442595,pmedian,1000
514,37.89024272209032,-122.5893706307982,pmedian,1000
515,35.79391748592723,-119.08865944680824,pmedian,1000
516,37.08001563624979,-120.82356157289321,pmedian,1000
517,36.6147675193457,-121.58541968573697,pmedian,1000
518,34.42441431578453,-119.86626283550363,pmedian,1000
519,37.37843044447122,-120.61715195561742,pmedian,1000
520,38.88959516110838,-121.97569820930369,pmedian,1000
521,36.71046581494891,-119.50059788342585,pmedian,1000
522,36.97260938176708,-121.79326625364648,pmedian,1000
523,36.71857465727794,-119.09133835415331,pmedian,1000
524,37.604488529190334,-120.82124323927104,pmedian,1000
525,35.29241744374103,-119.26580732488593,pmedian,1000
526,38.9986369682207,-120.89648395201007,pmedian,1000
527,40.61542065236248,-124.20120765344257,pmedian,1000
528,32.80697260095012,-116.92151730878861,pmedian,1000
529,38.11179511112659,-120.4800789299321,pmedian,1000
530,36.79774938386084,-119.60305367792839,pmedian,1000
531,38.1085412453825,-122.56709327410984,pmedian,1000
532,34.28085413362277,-117.30491861587805,pmedian,1000
533,34.269668057336084,-118.32844392489876,pmedian,1000
534,37.40200112342198,-120.87316572431412,pmedian,1000
535,36.60995643842287,-119.79203289620081,pmedian,1000
536,38.389914033202466,-121.31228405096816,pmedian,1000
537,34.591900971588316,-117.99578151695562,pmedian,1000
538,36.30175508053902,-119.79401682013963,pmedian,1000
539,39.4211213033089,-123.37699869072732,pmedian,1000
540,33.38041879549554,-117.256949424035,pmedian,1000
541,38.52455283291139,-122.48261173164556,pmedian,1000
542,34.10383844769299,-118.60779094150864,pmedian,1000
543,33.61140426271762,-117.78310438669506,pmedian,1000
544,36.495043870258876,-119.5050398464242,pmedian,1000
545,34.28400481962989,-118.80193662534859,pmedian,1000
546,38.4663573059709,-120.89971253520231,pmedian,1000
547,41.50185002916473,-120.51780526533649,pmedian,1000
548,37.412227925180794,-122.27362694658713,pmedian,1000
549,40.49955383749674,-122.3840486235007,pmedian,1000
550,35.59356748667579,-119.31591017974048,pmedian,1000
551,37.80093454120579,-121.5834545381363,pmedian,1000
552,34.78329653558878,-118.29168728968021,pmedian,1000
553,41.8901624005164,-123.8055570147021,pmedian,1000
554,39.01224308132072,-122.38228202812769,pmedian,1000
555,33.74563719541774,-118.2855326030773,pmedian,1000
556,38.39761755679321,-120.69792061030462,pmedian,1000
557,37.01379015836985,-122.08283864042481,pmedian,1000
558,38.90549292280826,-122.70881448991952,pmedian,1000
559,37.80517829151029,-120.7001062346289,pmedian,1000
560,33.588376635666606,-117.50097030013123,pmedian,1000
561,38.911276619676684,-121.02424862048225,pmedian,1000
562,38.18964444680329,-121.18404956761283,pmedian,1000
563,36.600197359448934,-119.4069922178004,pmedian,1000
564,33.68039125091867,-117.61689018053006,pmedian,1000
565,39.70930441196808,-121.5156756827932,pmedian,1000
566,36.69267069188158,-121.79351935814839,pmedian,1000
567,39.288185297808546,-120.69677879039511,pmedian,1000
568,34.48098553102415,-118.50311604835062,pmedian,1000
569,34.77088042658488,-118.807489647706,pmedian,1000
570,36.38483279604039,-119.29544639549745,pmedian,1000
571,39.11440467853024,-121.69598032108944,pmedian,1000
572,38.63717078685615,-121.10299985535974,pmedian,1000
573,38.508768732096385,-121.98223967671302,pmedian,1000
574,39.50479609386179,-121.42008110404309,pmedian,1000
575,36.80706568231403,-121.62507291490866,pmedian,1000
576,36.39912000942842,-119.69298546983838,pmedian,1000
577,39.00820734919481,-121.51024653149159,pmedian,1000
578,39.37382768197991,-120.10277319874274,pmedian,1000
579,35.31010659500823,-118.8147238610822,pmedian,1000
580,38.993793550472596,-121.40140944664853,pmedian,1000
581,34.070827141184765,-117.11777623700269,pmedian,1000
582,40.016037027153516,-122.10426734907652,pmedian,1000
583,35.389122805341565,-119.1851881446096,pmedian,1000
584,34.80263048094934,-118.17716148277349,pmedian,1000
585,38.37890315170619,-122.3197458522955,pmedian,1000
586,36.412943467367256,-119.80118996068713,pmedian,1000
587,34.15852901048253,-118.66432068477407,pmedian,1000
588,40.99792871366358,-120.80942739668468,pmedian,1000
589,40.59613797338891,-122.30114860300321,pmedian,1000
590,34.274742357380916,-118.99078995914422,pmedian,1000
591,36.991502503881314,-121.51710015671235,pmedian,1000
592,34.72781000246073,-120.28539887034508,pmedian,1000
593,35.704040709630455,-119.22266880439224,pmedian,1000
594,35.830324306362634,-121.38567701304926,pmedian,1000
595,37.61477834814724,-122.4880460669745,pmedian,1000
596,40.69499813636364,-122.91856304545455,pmedian,1000
597,37.00095367490761,-119.79231033509247,pmedian,1000
598,37.21993210105263,-119.5056518471579,pmedian,1000
599,38.19959512274838,-120.6875252704795,pmedian,1000
600,36.82736720962876,-121.39089965177014,pmedian,1000
601,38.88934588928228,-121.19611073576456,pmedian,1000
602,35.20897052400029,-118.8994757601162,pmedian,1000
603,36.31833571733185,-119.61130114248472,pmedian,1000
604,39.71730051888319,-122.19747419555117,pmedian,1000
605,33.823863308559226,-117.37368421081891,pmedian,1000
606,38.00656153887515,-122.59644907766825,pmedian,1000
607,37.920134678356064,-120.42216588634277,pmedian,1000
608,38.802247733336024,-121.72130294901902,pmedian,1000
609,37.90499407140962,-121.4070685843717,pmedian,1000
610,39.09674768148148,-122.80721034567901,pmedian,1000
611,39.38969414612673,-121.09115792396781,pmedian,1000
612,39.12307781192164,-120.92959638463329,pmedian,1000
613,34.57735886674516,-119.27781437113339,pmedian,1000
614,39.371794022589356,-123.4909405422348,pmedian,1000
615,37.6111755726805,-121.1020145424563,pmedian,1000
616,37.79935380244255,-120.99288076323849,pmedian,1000
617,36.6067874728047,-121.69894603543942,pmedian,1000
618,36.61793712391169,-120.59916349732617,pmedian,1000
619,35.505696754981855,-118.69007740710227,pmedian,1000
620,38.272146210244735,-122.39986513679908,pmedian,1000
621,37.501389448441316,-120.99547748014551,pmedian,1000
622,37.69844100776657,-121.31274935427886,pmedian,1000
623,38.50888311314624,-119.47032777035159,pmedian,1000
624,39.60417636701299,-120.39380613819708,pmedian,1000
625,37.90079310343808,-121.7845701152426,pmedian,1000
626,41.62207773435153,-122.51655786493639,pmedian,1000
627,40.346168875,-121.6059489375,pmedian,1000
628,40.1002037864864,-120.9594490902633,pmedian,1000
629,34.28047001612904,-116.82830980645161,pmedian,1000
630,35.391839809337824,-119.28800837325537,pmedian,1000
631,37.7036491577498,-120.82402166934573,pmedian,1000
632,38.72415690501807,-120.60841888959254,pmedian,1000
633,36.42359687805381,-118.91634501022013,pmedian,1000
634,36.72387445035387,-119.99362037096243,pmedian,1000
635,36.50545256401003,-119.41059170516041,pmedian,1000
636,38.61515264579071,-120.69304190762763,pmedian,1000
637,36.409382844970224,-121.31619892595472,pmedian,1000
638,38.293537041492705,-121.47439484762548,pmedian,1000
639,38.894036277400005,-121.51405693058591,pmedian,1000
640,34.89599667039597,-120.48871766953292,pmedian,1000
641,37.09482680783476,-120.49801271067126,pmedian,1000
642,39.89309477419355,-121.69099870967742,pmedian,1000
643,36.59968673799889,-119.50739340873507,pmedian,1000
644,37.00051270739916,-120.89977015048478,pmedian,1000
645,35.1612876750008,-119.46686085859201,pmedian,1000
646,37.63785477657107,-121.39334171837608,pmedian,1000
647,39.11199789186987,-123.1952254933143,pmedian,1000
648,39.698859671236946,-123.4940095356741,pmedian,1000
649,41.60318577694222,-124.094440823342,pmedian,1000
650,37.3182231160554,-122.19620666643983,pmedian,1000
651,38.00898177584197,-121.36092802459895,pmedian,1000
652,39.333726231720505,-120.31289563823832,pmedian,1000
653,35.67692344700158,-118.4210479550462,pmedian,1000
654,41.20356787922587,-122.28077134501605,pmedian,1000
655,38.79633215771096,-120.89560373779801,pmedian,1000
656,34.26518872098629,-117.19188413166536,pmedian,1000
657,38.33065151233192,-123.01356783047822,pmedian,1000
658,34.1022208290553,-118.87743923403185,pmedian,1000
659,36.212199449630184,-119.79512713855144,pmedian,1000
660,38.48334670473196,-120.51328732089176,pmedian,1000
661,34.29556448540205,-117.83938595718251,pmedian,1000
662,35.60002160649145,-117.70202522127062,pmedian,1000
663,36.1841794010455,-120.70201517311024,pmedian,1000
664,35.421699019428175,-120.88000839584086,pmedian,1000
665,39.25444802932199,-120.04235260454635,pmedian,1000
666,34.725346488168356,-117.33273391291769,pmedian,1000
667,38.560752091009796,-121.69796580658304,pmedian,1000
668,38.577692658990564,-122.67230017765729,pmedian,1000
669,34.41643112975597,-117.20976546841726,pmedian,1000
670,39.31030537064133,-120.51324704659933,pmedian,1000
671,37.07888580218328,-120.8994758687589,pmedian,1000
672,39.27498224444004,-121.00447629961751,pmedian,1000
673,35.2039136238983,-120.61089087047456,pmedian,1000
674,34.19354488432517,-117.82360431361589,pmedian,1000
675,34.33373572468036,-119.4008882881902,pmedian,1000
676,39.786064886881135,-120.03857239955526,pmedian,1000
677,38.59745991893301,-121.78548431907943,pmedian,1000
678,37.32171507019868,-120.87780865867452,pmedian,1000
679,34.63064210593448,-117.21539752989247,pmedian,1000
680,38.18737907794585,-121.59644351169767,pmedian,1000
681,34.40946927123591,-118.08918094859665,pmedian,1000
682,40.68512644288212,-121.41128891758984,pmedian,1000
683,39.317875975092186,-123.29604337700952,pmedian,1000
684,38.3146511061765,-121.59199001556699,pmedian,1000
685,36.90633484506856,-120.08517878178459,pmedian,1000
686,37.48225315722819,-119.91263750323415,pmedian,1000
687,34.69868933295829,-118.00224780500837,pmedian,1000
688,40.699750423689565,-122.32360844200467,pmedian,1000
689,38.398881784041556,-121.81854089940505,pmedian,1000
690,35.27440555629229,-118.69232680299756,pmedian,1000
691,38.11720636179938,-120.890657253314,pmedian,1000
692,35.50639695002777,-119.29921619101066,pmedian,1000
693,36.586509567725514,-121.52434643570325,pmedian,1000
694,37.79640760207349,-121.89844181707791,pmedian,1000
695,37.5175525800749,-122.4931636504058,pmedian,1000
696,37.899340179122234,-120.47987290471028,pmedian,1000
697,39.782487634510204,-121.8934788858661,pmedian,1000
698,38.2980938330567,-120.71132333010719,pmedian,1000
699,34.94551175609757,-119.6839424390244,pmedian,1000
700,36.84034791926438,-121.49585511110392,pmedian,1000
701,33.73895829508197,-116.92168092622951,pmedian,1000
702,40.79718037997414,-124.11340286542249,pmedian,1000
703,33.267372269552595,-117.43578031373589,pmedian,1000
704,40.2960458304762,-120.50930063454992,pmedian,1000
705,35.078251776993596,-120.51881203826906,pmedian,1000
706,37.30395087916518,-121.0095099762865,pmedian,1000
707,39.99645178239106,-122.19331394761615,pmedian,1000
708,38.485660958916604,-121.92192458200812,pmedian,1000
709,38.88307522966238,-120.00203195443612,pmedian,1000
710,36.52630934796039,-121.91345199611065,pmedian,1000
711,38.995146822703866,-122.81040434587507,pmedian,1000
712,37.318191872531955,-119.61656224694954,pmedian,1000
713,37.31103596275252,-122.2889185959588,pmedian,1000
714,34.29743986111111,-118.01601274074073,pmedian,1000
715,35.50305029856323,-120.6146045397962,pmedian,1000
716,38.30850850778668,-121.20655816543514,pmedian,1000
717,38.097182801658555,-122.70685773305006,pmedian,1000
718,35.9265192451763,-119.59514259190898,pmedian,1000
719,36.394463454760675,-119.11283408181338,pmedian,1000
720,38.49006642520092,-122.6272748292556,pmedian,1000
721,36.08152998268557,-118.88892616391692,pmedian,1000
722,40.30913520705769,-121.00843787258378,pmedian,1000
723,37.930950909435616,-120.834294368169,pmedian,1000
724,38.690037523445554,-122.89526156464635,pmedian,1000
725,32.59336674331551,-117.03175452673798,pmedian,1000
726,41.08500539149658,-121.30173921068247,pmedian,1000
727,34.29648617492016,-117.4309684075493,pmedian,1000
728,37.90605200154912,-121.1162613868645,pmedian,1000
729,37.295626903539244,-120.4222413990428,pmedian,1000
730,38.4702424375,-120.02885270833333,pmedian,1000
731,39.20412964901124,-121.50955302538782,pmedian,1000
732,37.63775564001417,-121.59763184069159,pmedian,1000
733,39.20400551211165,-122.01184008257579,pmedian,1000
734,38.27474007087052,-122.61298286710633,pmedian,1000
735,36.51072778787879,-121.11255236363635,pmedian,1000
736,38.19317083246464,-120.01040448152547,pmedian,1000
737,36.60241711747641,-120.0828339700806,pmedian,1000
738,37.20480590974438,-119.78188142688289,pmedian,1000
739,39.77627414624452,-120.60482248862328,pmedian,1000
740,34.37190431789209,-119.42072365332918,pmedian,1000
741,38.38246627583758,-122.51670723612975,pmedian,1000
742,34.486150625381384,-117.38606825217397,pmedian,1000
743,34.485941318200204,-118.40140753430154,pmedian,1000
744,36.89033946607199,-119.91709484181546,pmedian,1000
745,37.61738200724813,-121.20337851427297,pmedian,1000
746,35.01436737028272,-118.95611650143799,pmedian,1000
747,35.70412902485985,-120.69908237593869,pmedian,1000
748,38.772738370346225,-120.2950483746001,pmedian,1000
749,40.71319367839643,-124.20325524142174,pmedian,1000
750,38.67772976734982,-121.72289300165252,pmedian,1000
751,36.991943190285006,-119.70161701174288,pmedian,1000
752,34.52653233620381,-117.99134387018347,pmedian,1000
753,33.923871125,-116.99360257500001,pmedian,1000
754,33.50614398627744,-117.28790383280817,pmedian,1000
755,35.48820229902675,-119.51159187139294,pmedian,1000
756,37.48783312304493,-121.10683560792916,pmedian,1000
757,34.065593289034126,-118.99296390341595,pmedian,1000
758,35.18547791318665,-119.10396536924563,pmedian,1000
759,35.98604970913545,-119.29548445707094,pmedian,1000
760,37.198883309932945,-122.16279291253016,pmedian,1000
761,37.09616632847402,-121.68680220761387,pmedian,1000
762,37.49822894516662,-120.48557839154061,pmedian,1000
763,40.98379547640228,-124.10723058227202,pmedian,1000
764,36.794426556476346,-119.99542236217675,pmedian,1000
765,35.508533154452,-119.17329165993159,pmedian,1000
766,33.791566553747614,-117.73053342266596,pmedian,1000
767,37.08998288225913,-120.20651045045372,pmedian,1000
768,35.49858555630732,-119.71656904862728,pmedian,1000
769,37.92786773465967,-122.69193873062781,pmedian,1000
770,37.176749827960236,-118.29672728514099,pmedian,1000
771,35.89818712591772,-119.08752840326376,pmedian,1000
772,40.51634787962004,-124.11010317675381,pmedian,1000
773,34.46290717716329,-120.00384631000506,pmedian,1000
774,37.959245873611586,-122.36755985591728,pmedian,1000
775,35.712386988133744,-119.7245849678914,pmedian,1000
776,41.61777030596739,-122.80107699732676,pmedian,1000
777,33.3031727012987,-116.9942521038961,pmedian,1000
778,37.19268842037317,-120.30469828749146,pmedian,1000
779,37.61837323196742,-121.81858926980321,pmedian,1000
780,37.01494901819988,-122.19044710371338,pmedian,1000
781,35.10952409768217,-118.40107848625418,pmedian,1000
782,36.0029668426594,-119.02057200202498,pmedian,1000
783,35.006985840807445,-120.56835286268858,pmedian,1000
784,38.41729036954066,-122.38743005443698,pmedian,1000
785,38.590772601560175,-120.99353881138738,pmedian,1000
786,35.99402785319089,-119.9652434985033,pmedian,1000
787,40.287305638712574,-122.6021610219783,pmedian,1000
788,36.36778170368315,-119.411596037868,pmedian,1000
789,34.79508295437117,-120.42034197856307,pmedian,1000
790,40.90805280725192,-123.79847441923673,pmedian,1000
791,36.91234133656239,-121.49450080776427,pmedian,1000
792,38.81162806756757,-122.70890543918918,pmedian,1000
793,36.12584755,-120.37940888749999,pmedian,1000
794,34.814446314879106,-117.10126809137121,pmedian,1000
795,39.01227979206051,-122.06202395256717,pmedian,1000
796,35.30932154786752,-117.98817754167699,pmedian,1000
797,36.388716727094675,-119.20679821414272,pmedian,1000
798,38.41001943452381,-120.52390473214287,pmedian,1000
799,34.88694530171534,-120.31718241114393,pmedian,1000
800,34.18404969119392,-117.67036318713824,pmedian,1000
801,35.007894582262686,-117.80737736327487,pmedian,1000
802,35.993071526482744,-119.09602494725995,pmedian,1000
803,41.80690393291421,-124.1052352887957,pmedian,1000
804,38.77925542124542,-120.808358989011,pmedian,1000
805,36.79384452390075,-119.40283027969568,pmedian,1000
806,40.59143893062037,-122.2298702639578,pmedian,1000
807,37.036704967796645,-121.29919380468802,pmedian,1000
808,39.60653190002521,-121.60972808742295,pmedian,1000
809,39.406697442857144,-121.59585034642858,pmedian,1000
810,40.288653093380255,-123.88838747120582,pmedian,1000
811,39.38727558754718,-123.32252275357052,pmedian,1000
812,38.69089353701684,-122.4791289526884,pmedian,1000
813,38.23178533325561,-121.99793709362612,pmedian,1000
814,37.77438068041466,-122.14112123095909,pmedian,1000
815,35.594000584382705,-120.59967906805389,pmedian,1000
816,41.900821748800446,-121.39701236292652,pmedian,1000
817,37.89555797974866,-121.48389605865103,pmedian,1000
818,40.91954437647058,-123.61082586470589,pmedian,1000
819,34.81767218514145,-118.99135783324051,pmedian,1000
820,39.692534541326694,-121.72094153906502,pmedian,1000
821,34.602487171122974,-120.18787860530577,pmedian,1000
822,34.40522341720549,-118.79999874954841,pmedian,1000
823,38.98493149024401,-123.68757045833833,pmedian,1000
824,41.89439679333491,-124.1373003490704,pmedian,1000
825,37.40224972510216,-120.99564787871725,pmedian,1000
826,34.48934425,-117.58265918243244,pmedian,1000
827,34.414133672985734,-117.49908259768681,pmedian,1000
828,38.89669308184582,-123.07399470254857,pmedian,1000
829,37.540011009174314,-121.26785916055046,pmedian,1000
830,39.4913914845094,-122.01041482550825,pmedian,1000
831,38.20053457387294,-121.09630919719062,pmedian,1000
832,35.36906683023121,-117.62225031131531,pmedian,1000
833,37.1000223945625,-121.92951837525,pmedian,1000
834,40.007244372837846,-122.40036941959221,pmedian,1000
835,36.432992970500614,-120.39196416993467,pmedian,1000
836,34.607719136076504,-118.28524984537925,pmedian,1000
837,34.37045397525273,-119.00402424517638,pmedian,1000
838,38.1014879547339,-121.70678995889577,pmedian,1000
839,36.20967432508998,-119.39209918522867,pmedian,1000
840,37.99662146957447,-121.63424937218085,pmedian,1000
841,34.583162597974166,-117.91100412096519,pmedian,1000
842,39.29872250519516,-122.1902612687921,pmedian,1000
843,37.783637730837235,-121.70658792454167,pmedian,1000
844,36.90268297180187,-119.51305885068268,pmedian,1000
845,34.70564527820378,-118.118345632609,pmedian,1000
846,35.286890167656814,-119.09513776238487,pmedian,1000
847,36.38936451236432,-121.90527787470954,pmedian,1000
848,39.193222746288974,-120.19897377956697,pmedian,1000
849,36.70815801820278,-120.189454410284,pmedian,1000
850,35.68909279809914,-120.79268020216453,pmedian,1000
851,40.72136171201835,-120.69903574919694,pmedian,1000
852,32.81880032140347,-117.26268783469509,pmedian,1000
853,38.79959712799551,-121.01964720807051,pmedian,1000
854,37.07691768627583,-120.70088408910719,pmedian,1000
855,36.71278531174134,-119.20985216270284,pmedian,1000
856,38.096923551890356,-120.60119266535102,pmedian,1000
857,38.97992254310109,-123.00185573278206,pmedian,1000
858,38.40134400754816,-121.21663141656674,pmedian,1000
859,37.77758760197103,-120.80425500854616,pmedian,1000
860,35.00496819307337,-117.6974212681536,pmedian,1000
861,38.40131455788788,-123.08982223030122,pmedian,1000
862,37.21467364583334,-121.90153785416666,pmedian,1000
863,38.5002092247417,-121.0991216100974,pmedian,1000
864,41.25473043842461,-122.120151364245,pmedian,1000
865,39.407285414964456,-121.40902117054755,pmedian,1000
866,36.985804553092215,-120.01762513239642,pmedian,1000
867,35.10640623498953,-118.30694217092405,pmedian,1000
868,38.50948372195998,-120.8114275745994,pmedian,1000
869,36.38282124793867,-117.28302590006898,pmedian,1000
870,40.51624343470489,-122.20830856614549,pmedian,1000
871,32.875274306201554,-116.92136079069768,pmedian,1000
872,33.08160191891891,-116.6045572972973,pmedian,1000
873,39.00891933686329,-122.60432605396394,pmedian,1000
874,38.58252754052145,-122.82035618194412,pmedian,1000
875,37.697648234668996,-120.32382027982926,pmedian,1000
876,38.48204236011254,-123.09083126111692,pmedian,1000
877,41.09382188115329,-120.4815833066373,pmedian,1000
878,38.21980786408163,-122.67817267045919,pmedian,1000
879,38.1333694078966,-121.6064742689373,pmedian,1000
880,38.81317411462898,-121.12692833627572,pmedian,1000
881,38.23608924078911,-121.51716787562032,pmedian,1000
882,36.09077441766662,-119.20608857473285,pmedian,1000
883,32.73126521985815,-116.91420112056737,pmedian,1000
884,37.71442507626347,-121.20285831056826,pmedian,1000
885,41.608920477236055,-122.191068144583,pmedian,1000
886,38.29583473846154,-120.51614749230768,pmedian,1000
887,37.91982513342332,-120.60376955393886,pmedian,1000
888,35.686012311674745,-120.60039736507152,pmedian,1000
889,35.69913239673965,-119.30859197506065,pmedian,1000
890,34.58975035695416,-117.29132557521432,pmedian,1000
891,35.02000441127438,-120.20638762872072,pmedian,1000
892,38.79744587899863,-121.8997360302019,pmedian,1000
893,34.29005131093256,-118.18768529898944,pmedian,1000
894,36.3950419199021,-119.62181561921321,pmedian,1000
895,38.294305239389566,-122.78850751080392,pmedian,1000
896,38.3766859643814,-120.79586369545582,pmedian,1000
897,38.89646815524628,-121.58795377070402,pmedian,1000
898,37.383132154708306,-119.63147008341184,pmedian,1000
899,34.697541469043486,-120.18091365707869,pmedian,1000
900,34.485143898755986,-119.28235666226391,pmedian,1000
901,38.283533779320294,-120.30425690713652,pmedian,1000
902,40.09660682037191,-122.20155196269702,pmedian,1000
903,39.72264796420054,-121.88559233520434,pmedian,1000
904,38.19100310318064,-121.80424409714573,pmedian,1000
905,40.498028212779026,-122.49210604664444,pmedian,1000
906,34.39055315312333,-117.67775820892004,pmedian,1000
907,36.51477265863072,-119.69490586366184,pmedian,1000
908,34.03760281512328,-118.69818545802406,pmedian,1000
909,37.2005456041231,-121.00470910947291,pmedian,1000
910,34.5842273167033,-119.98814601020145,pmedian,1000
911,35.42757796416337,-118.81066383347685,pmedian,1000
912,38.0859386428556,-119.17633725521969,pmedian,1000
913,39.59651175180492,-123.77632155329387,pmedian,1000
914,37.478114451327436,-119.80846166371681,pmedian,1000
915,38.017212761788336,-121.02000400989613,pmedian,1000
916,35.397334319712265,-120.79402639533532,pmedian,1000
917,38.926966883481455,-122.78617325542048,pmedian,1000
918,38.29879974206856,-121.42428003385432,pmedian,1000
919,37.61815835413072,-120.71150189106034,pmedian,1000
920,39.307751167365645,-121.67675803802948,pmedian,1000
921,39.190546678511716,-123.73442176286899,pmedian,1000
922,41.07137981556691,-122.35949487091966,pmedian,1000
923,35.68494772430232,-119.08235877586635,pmedian,1000
924,37.77635661182845,-119.01341393813759,pmedian,1000
925,34.409689599803585,-119.09776705268206,pmedian,1000
926,34.014758576271184,-116.58069949152542,pmedian,1000
927,35.77243366349242,-120.71158424500226,pmedian,1000
928,35.69604118147335,-118.47762520717794,pmedian,1000
929,40.0131785,-121.21162410526316,pmedian,1000
930,35.78327850337166,-119.21473891315176,pmedian,1000
931,39.284227564475856,-120.10677521280475,pmedian,1000
932,37.897377275562945,-121.00317229922219,pmedian,1000
933,35.79433819409948,-119.78599400777776,pmedian,1000
934,38.618125430526945,-120.21558580068385,pmedian,1000
935,36.21051586279574,-119.61107798620935,pmedian,1000
936,37.63084335103919,-120.61720069954686,pmedian,1000
937,39.095145601036855,-122.1012897598211,pmedian,1000
938,39.49263162135922,-121.29736855339806,pmedian,1000
939,40.85706360983736,-121.78978216674196,pmedian,1000
940,37.083688778233224,-121.09836671166961,pmedian,1000
941,39.11962108783784,-120.16184546621622,pmedian,1000
942,35.7697045483871,-117.37387716129032,pmedian,1000
943,36.88274855243408,-120.29498089021013,pmedian,1000
944,34.78502774041565,-120.50029682073358,pmedian,1000
945,38.61953824260327,-120.59933974137395,pmedian,1000
946,33.902786524271846,-116.50970473786408,pmedian,1000
947,38.77593998078029,-119.91563198053073,pmedian,1000
948,35.89718004577623,-120.0411913192636,pmedian,1000
949,37.00870125394495,-119.40795656033453,pmedian,1000
950,39.171371962449705,-120.87727708180049,pmedian,1000
951,35.99449326767472,-120.90624407062677,pmedian,1000
952,36.20455961026732,-119.20611870930131,pmedian,1000
953,40.50128801876733,-123.99651717753055,pmedian,1000
954,33.216354447916665,-117.00521809375,pmedian,1000
955,40.58711078206255,-121.08900836937745,pmedian,1000
956,35.71934839719867,-118.0942998449559,pmedian,1000
957,36.02079689202967,-117.93843805985162,pmedian,1000
958,36.71056673635989,-118.99528716856176,pmedian,1000
959,38.71707732038835,-122.11107770873787,pmedian,1000
960,37.39151183466265,-119.72390732861128,pmedian,1000
961,34.482138817898594,-117.70643831264773,pmedian,1000
962,34.43920076035836,-119.19814438821476,pmedian,1000
963,36.41983216611154,-119.87326015222278,pmedian,1000
964,37.02802851072365,-120.17070490453264,pmedian,1000
965,37.19831447585832,-119.20261253249642,pmedian,1000
966,39.60503438436208,-121.42535564405703,pmedian,1000
967,41.80018794333297,-123.01186887490803,pmedian,1000
968,40.03810695833334,-124.02778120833334,pmedian,1000
969,32.82992052380953,-116.78848571428571,pmedian,1000
970,38.066733,-120.19109388819875,pmedian,1000
971,34.77428036764706,-118.50312094117646,pmedian,1000
972,38.10302644951604,-121.11098452698414,pmedian,1000
973,35.09631858045527,-119.10174080363595,pmedian,1000
974,40.194011207852256,-121.09283240287488,pmedian,1000
975,34.47838199538731,-117.11561016235017,pmedian,1000
976,36.778565026371794,-120.71953313901595,pmedian,1000
977,36.60218383543219,-119.88602056939553,pmedian,1000
978,39.42136726020412,-121.52203702678143,pmedian,1000
979,40.48882778571429,-123.59672646428571,pmedian,1000
980,38.59895465,-122.42910172,pmedian,1000
981,40.89606985808981,-124.00853782764531,pmedian,1000
982,39.302923476808274,-121.51878829400533,pmedian,1000
983,39.18607277410142,-121.690253269171,pmedian,1000
984,41.183585749831416,-123.69484887424133,pmedian,1000
985,40.3943185859121,-120.60957489677371,pmedian,1000
986,39.50175576127264,-121.00994561038924,pmedian,1000
987,39.12040343789645,-121.91224939982881,pmedian,1000
988,41.191478009005614,-124.10554134110188,pmedian,1000
989,34.68227706117393,-120.42243451406956,pmedian,1000
990,37.12212818748354,-119.89584878704818,pmedian,1000
991,33.9198573150685,-116.80318475342467,pmedian,1000
992,35.32234135058555,-120.62900513756558,pmedian,1000
993,38.49799406769178,-122.30634246311847,pmedian,1000
994,37.08167747279339,-119.48333921589058,pmedian,1000
995,36.79752735668199,-120.07792603626994,pmedian,1000
996,33.361096506544065,-117.53797592651007,pmedian,1000
997,37.11700177720103,-119.71967813214879,pmedian,1000
998,40.30067189580395,-122.28635528591569,pmedian,1000
999,36.69432658363912,-119.41639658029752,pmedian,1000
0,33.9594517230692,-117.52471111943774,kmeans,10
1,37.37577938644061,-121.56919549095176,kmeans,10
2,40.51224063909286,-122.96673720168697,kmeans,10
3,35.1966104437405,-119.5323777907838,kmeans,10
4,38.72312844382572,-121.27738337590985,kmeans,10
5,32.96735351406442,-117.13826677937404,kmeans,10
6,34.291506705068464,-118.54465592866316,kmeans,10
7,37.876828586848134,-122.25765187649822,kmeans,10
8,36.710742814137305,-119.71802657173333,kmeans,10
9,33.968133721851814,-118.14146025933243,kmeans,10
0,37.33575835982799,-121.91221091676881,kmeans,100
1,34.02847681629151,-118.02564782884778,kmeans,100
2,38.68853852995326,-121.30368172359526,kmeans,100
3,35.20047639803708,-118.93050082493743,kmeans,100
4,32.989392852594484,-117.15795048880406,kmeans,100
5,39.20392381324144,-123.66236702697566,kmeans,100
6,35.599057554825535,-119.66709477340024,kmeans,100
7,36.927931813678924,-120.08917014342036,kmeans,100
8,37.88972668867881,-122.30117416340073,kmeans,100
9,33.958126164954095,-117.32512697533245,kmeans,100
10,40.28739778214853,-122.28636702999137,kmeans,100
11,38.00648458397786,-121.27254889106557,kmeans,100
12,34.01113672640672,-118.41455905613084,kmeans,100
13,34.23975709043013,-119.0551499339466,kmeans,100
14,40.683406613981376,-122.15793326918987,kmeans,100
15,34.961408534054435,-120.44585283255472,kmeans,100
16,36.64014628187132,-121.68081266991238,kmeans,100
17,38.428516247808204,-122.77280560073055,kmeans,100
18,33.72894189910405,-117.83170268384828,kmeans,100
19,34.874747550811435,-118.90468651521385,kmeans,100
20,35.389204614417935,-117.7488655548443,kmeans,100
21,36.39324113578298,-119.29566260647576,kmeans,100
22,37.36245453913816,-120.70398389571375,kmeans,100
23,34.32163819974448,-118.4886863142924,kmeans,100
24,37.68928516785767,-122.0952142773999,kmeans,100
25,34.033246895738536,-118.22689726132317,kmeans,100
26,39.531250702088,-123.4074413741804,kmeans,100
27,38.750872793047535,-120.0120210338873,kmeans,100
28,39.60023789259866,-121.61059534804967,kmeans,100
29,38.27367902429057,-122.35101851854297,kmeans,100
30,37.9841426370683,-120.37012225589264,kmeans,100
31,41.24866224523048,-124.0147846178675,kmeans,100
32,34.06514180735985,-117.56213596323254,kmeans,100
33,32.74765984827656,-117.12602412391527,kmeans,100
34,34.59737183445377,-118.154033353856,kmeans,100
35,33.41300115545597,-117.16271481391942,kmeans,100
36,38.61406061319687,-121.79013216944576,kmeans,100
37,34.56273797599552,-120.11450866099611,kmeans,100
38,35.745256131036726,-120.81449682130146,kmeans,100
39,37.633843707628394,-120.97727647688212,kmeans,100
40,38.9190187443352,-121.11021406924844,kmeans,100
41,37.750902898838454,-121.6260300768611,kmeans,100
42,33.823664139154396,-117.94547076719061,kmeans,100
43,38.68889542671825,-120.87870124517855,kmeans,100
44,35.735284012121916,-119.25751797053805,kmeans,100
45,34.06857853917724,-117.13094674698057,kmeans,100
46,34.11842874905441,-117.34833507321586,kmeans,100
47,35.3811881478782,-119.02515934674373,kmeans,100
48,37.43153144183148,-122.15228832173503,kmeans,100
49,34.43510238198283,-119.73751328312164,kmeans,100
50,37.3317591027455,-120.38876226058589,kmeans,100
51,38.037292299885074,-121.81371860419085,kmeans,100
52,36.74587686948631,-119.73618768667599,kmeans,100
53,37.3956842859019,-119.26739645503324,kmeans,100
54,40.479566363465054,-123.9988082580901,kmeans,100
55,38.707672532565255,-122.56127363712167,kmeans,100
56,33.866506294065495,-118.15364550141898,kmeans,100
57,36.24886268298918,-119.74975066546517,kmeans,100
58,37.55992390433638,-122.34210946211975,kmeans,100
59,39.11087168755294,-121.60716273076483,kmeans,100
60,34.443567021603386,-117.3988010818687,kmeans,100
61,39.63804496846992,-122.08331220451868,kmeans,100
62,38.28120945103385,-122.06117269243055,kmeans,100
63,37.603769156541084,-121.91859981633837,kmeans,100
64,33.55895834684137,-117.66391908374108,kmeans,100
65,34.161734249951046,-118.44011572102592,kmeans,100
66,36.9889994145849,-121.6391307472935,kmeans,100
67,33.16315342712921,-117.28851162063535,kmeans,100
68,39.39235093730086,-120.19240066531458,kmeans,100
69,41.58204545035197,-122.43575319229052,kmeans,100
70,35.27117523698952,-120.66533060874843,kmeans,100
71,34.07476921021532,-117.79980113625287,kmeans,100
72,33.969046080631465,-114.84387368345806,kmeans,100
73,34.70900136402528,-120.41657031992331,kmeans,100
74,37.06741882120532,-121.0127125263269,kmeans,100
75,38.42592640764056,-121.38957561071254,kmeans,100
76,34.13843325716487,-118.2875785917286,kmeans,100
77,36.32956751256621,-120.3284962783569,kmeans,100
78,33.68714676117192,-117.18753137203055,kmeans,100
79,33.89693363599507,-118.30928034227368,kmeans,100
80,34.546169554739336,-118.67419085163557,kmeans,100
81,38.027198155156185,-122.10558457520371,kmeans,100
82,39.21033617420351,-121.06694954720129,kmeans,100
83,37.837052381836905,-122.15624119533857,kmeans,100
84,33.865199515002395,-117.57098051384062,kmeans,100
85,38.02057484498319,-122.55220085504598,kmeans,100
86,37.06758116145006,-121.99892684465091,kmeans,100
87,38.318320279988065,-120.7469923526911,kmeans,100
88,39.02758784092175,-122.96394338155346,kmeans,100
89,35.264680406440775,-118.40846184529138,kmeans,100
90,34.159618136381816,-118.68498715157313,kmeans,100
91,37.74937440079071,-121.29530829370286,kmeans,100
92,37.74948814614083,-122.41915188859059,kmeans,100
93,39.301567790267995,-120.69182871955496,kmeans,100
94,34.36281408784239,-119.35189639258526,kmeans,100
95,38.58587429470558,-121.46326874303992,kmeans,100
96,40.49505251812731,-120.86979340945037,kmeans,100
97,35.22956382832796,-119.36714043786546,kmeans,100
98,36.083937412131675,-119.10355427786355,kmeans,100
99,38.9504124035545,-120.96685805924315,kmeans,100
0,33.60103705961138,-117.69227857261929,kmeans,1000
1,37.8985903265977,-122.06335516022351,kmeans,1000
2,33.84957012649911,-117.70713092008914,kmeans,1000
3,34.06231139857491,-118.20972009729965,kmeans,1000
4,38.59761784808204,-121.401559662299,kmeans,1000
5,34.982860846758705,-120.42477571040098,kmeans,1000
6,34.50351877839265,-120.08408092283054,kmeans,1000
7,36.78322377567966,-119.87094963217139,kmeans,1000
8,36.99279341103873,-121.5172536306384,kmeans,1000
9,32.99668767420714,-117.08674325296207,kmeans,1000
10,34.53482851433872,-118.66293906979534,kmeans,1000
11,33.5885434699356,-117.16887774252221,kmeans,1000
12,34.21096404447713,-117.09850878831658,kmeans,1000
13,37.38383347964994,-120.61864347943792,kmeans,1000
14,37.38713975451688,-121.90519471599619,kmeans,1000
15,34.274742357380916,-118.99078995914422,kmeans,1000
16,39.203907159045265,-121.62635739416311,kmeans,1000
17,39.10995978868567,-120.15364219987651,kmeans,1000
18,35.49545813330731,-119.34566385445922,kmeans,1000
19,37.09014499336885,-119.34759703053577,kmeans,1000
20,37.79935380244257,-120.99288076323847,kmeans,1000
21,34.09101358896902,-117.51214482784914,kmeans,1000
22,38.006561538875154,-122.59644907766823,kmeans,1000
23,35.89643741584433,-119.27482780098532,kmeans,1000
24,35.19271730162741,-120.68911569207198,kmeans,1000
25,32.78937008247496,-117.11562133895802,kmeans,1000
26,36.77334937069507,-119.59801094168166,kmeans,1000
27,38.50544315541548,-122.7814012934865,kmeans,1000
28,38.42994255981304,-122.1981223682263,kmeans,1000
29,38.33784625250515,-121.20825241045017,kmeans,1000
30,38.486986302557725,-123.11123802621134,kmeans,1000
31,36.988397847975335,-120.08832915172447,kmeans,1000
32,34.59993657927854,-118.14471761072035,kmeans,1000
33,33.72410070076876,-117.18800250112471,kmeans,1000
34,36.75305509818206,-119.1814577820077,kmeans,1000
35,37.6820080860797,-122.1073763376869,kmeans,1000
36,39.32227065869069,-120.23422866495251,kmeans,1000
37,39.461219047619046,-120.00794928571429,kmeans,1000
38,38.20971627478346,-121.4124947262278,kmeans,1000
39,36.337812884220575,-119.1420752232599,kmeans,1000
40,38.586068470751115,-121.49302689498354,kmeans,1000
41,37.620664182927264,-120.31490857349995,kmeans,1000
42,38.75728941212799,-121.56371175318309,kmeans,1000
43,33.38568285467537,-117.1960637261134,kmeans,1000
44,34.36450977807701,-117.42647253492876,kmeans,1000
45,37.61573271382143,-120.99629852202642,kmeans,1000
46,39.956033369107764,-122.15015377474413,kmeans,1000
47,37.75697538548058,-120.91906383612775,kmeans,1000
48,34.09052226062491,-117.53611341994635,kmeans,1000
49,34.207897593460274,-119.00622707862476,kmeans,1000
50,34.009665827816264,-118.40331221879529,kmeans,1000
51,37.37960520165962,-122.20065259740785,kmeans,1000
52,36.118218678571814,-118.8185659845295,kmeans,1000
53,32.72883362305503,-117.16956658355376,kmeans,1000
54,34.683594409260316,-118.17803615586561,kmeans,1000
55,37.711768894025056,-121.70124403448789,kmeans,1000
56,35.36795297507375,-117.62211474027936,kmeans,1000
57,34.23489478651861,-118.20483280466225,kmeans,1000
58,34.500152571515834,-119.22070420050474,kmeans,1000
59,34.02427243247783,-117.12559305357287,kmeans,1000
60,38.22523548190507,-122.11318429535179,kmeans,1000
61,39.31979768308897,-120.60084397567086,kmeans,1000
62,34.22734702386606,-119.18159703929311,kmeans,1000
63,33.99777668585014,-117.32597326971533,kmeans,1000
64,37.24593369185814,-121.03648833725923,kmeans,1000
65,37.871885212016004,-122.19684034936245,kmeans,1000
66,33.194757476888746,-117.36122849403334,kmeans,1000
67,33.877035739392795,-117.69604946344738,kmeans,1000
68,38.558872225985404,-121.7209232552325,kmeans,1000
69,37.31015121832235,-119.60971290304681,kmeans,1000
70,33.88379398308072,-118.01271209839823,kmeans,1000
71,34.02239165917725,-118.00274739717268,kmeans,1000
72,38.214961062643184,-122.49951091534582,kmeans,1000
73,34.4480682470305,-119.79341688401693,kmeans,1000
74,37.985775069232496,-122.30238492420754,kmeans,1000
75,37.10332113960654,-120.2458932135465,kmeans,1000
76,38.495191700945604,-121.35520943161951,kmeans,1000
77,35.2953984407718,-120.71458003798195,kmeans,1000
78,35.99402785319088,-119.96524349850331,kmeans,1000
79,33.8589189298107,-117.79636481582195,kmeans,1000
80,37.51034383587949,-121.93111329913476,kmeans,1000
81,35.62778304191357,-120.39844468610835,kmeans,1000
82,34.8184496528619,-118.87796008352316,kmeans,1000
83,39.61240016802062,-121.60787316814756,kmeans,1000
84,32.89344210691625,-117.21608055741167,kmeans,1000
85,37.70271067074646,-120.68561907000417,kmeans,1000
86,32.99580847247331,-117.09207466059965,kmeans,1000
87,38.69161926542892,-121.21698383000528,kmeans,1000
88,34.08762985021038,-117.80939928768596,kmeans,1000
89,37.64194308594699,-121.31074573858768,kmeans,1000
90,35.60352440748637,-119.67346375305874,kmeans,1000
91,39.00212240188095,-120.99911887788113,kmeans,1000
92,34.093150278219845,-117.99703426843269,kmeans,1000
93,34.27348530374004,-118.38196390201922,kmeans,1000
94,33.69024863412961,-117.3129688035447,kmeans,1000
95,39.11283206319943,-121.58834751795412,kmeans,1000
96,38.28471439789975,-121.47761820127216,kmeans,1000
97,33.790801700907416,-117.89128289294838,kmeans,1000
98,34.69242305831327,-118.77651636827977,kmeans,1000
99,40.73350762382858,-124.14688347448298,kmeans,1000
100,38.904512498025035,-121.05674722319878,kmeans,1000
101,33.76777687925173,-117.99459103312607,kmeans,1000
102,37.90459442853819,-121.2870595565095,kmeans,1000
103,39.795038831710166,-120.11957141853482,kmeans,1000
104,34.17481943439955,-118.4795932061078,kmeans,1000
105,38.68062737073712,-121.50560694453401,kmeans,1000
106,37.41222792518081,-122.27362694658711,kmeans,1000
107,34.911864714707114,-118.91915576380339,kmeans,1000
108,33.51942571700147,-117.16555622137344,kmeans,1000
109,36.31359383931561,-119.30333075919197,kmeans,1000
110,34.11941162500296,-118.29211273585167,kmeans,1000
111,40.18436481397302,-122.21583658166621,kmeans,1000
112,35.244960219825785,-120.77617212299218,kmeans,1000
113,38.511064555983594,-122.78424208973597,kmeans,1000
114,40.59976071116086,-122.28506377331374,kmeans,1000
115,35.594191109949044,-120.71058596497346,kmeans,1000
116,34.08928360094696,-117.59653926128311,kmeans,1000
117,32.98423509453569,-117.21904806955578,kmeans,1000
118,36.83516792976676,-120.7683030424757,kmeans,1000
119,34.19760176223502,-118.59571751295543,kmeans,1000
120,36.54765625937987,-119.29808510940704,kmeans,1000
121,37.67478162512149,-121.39445145408995,kmeans,1000
122,37.363320842051685,-122.2873472733313,kmeans,1000
123,38.67855340801451,-121.3249327958524,kmeans,1000
124,32.74472587281815,-117.00306271804449,kmeans,1000
125,37.15261134881752,-121.98473837007346,kmeans,1000
126,33.00352831887587,-117.25425836008958,kmeans,1000
127,38.170749887344634,-120.85366840697063,kmeans,1000
128,37.798530276980316,-120.87652412600009,kmeans,1000
129,34.01198481569184,-118.28550611816043,kmeans,1000
130,38.00898177584193,-121.36092802459895,kmeans,1000
131,34.2162726050803,-117.30567897425176,kmeans,1000
132,38.10564644686385,-121.19255785257828,kmeans,1000
133,34.088341047416435,-117.21133892850943,kmeans,1000
134,33.72690729492113,-117.98141018853599,kmeans,1000
135,39.83947283647149,-121.59114603659685,kmeans,1000
136,38.015503720012504,-121.09166356015459,kmeans,1000
137,38.53769542765437,-121.73281656995857,kmeans,1000
138,36.989668242492584,-120.04905239899252,kmeans,1000
139,39.500639077820765,-121.52512790099313,kmeans,1000
140,36.6182428804941,-119.6869196671776,kmeans,1000
141,33.89630867482776,-118.09896491846911,kmeans,1000
142,38.586068470751115,-121.49302689498354,kmeans,1000
143,36.32091109091344,-119.40783199204098,kmeans,1000
144,38.191070344479996,-122.18600380980435,kmeans,1000
145,34.02328614947058,-117.70653283520387,kmeans,1000
146,37.848285847080135,-122.29587894083036,kmeans,1000
147,38.01096516103969,-122.53367835496897,kmeans,1000
148,38.06364834143511,-122.75791075746378,kmeans,1000
149,34.09912394601305,-117.90297273781881,kmeans,1000
150,34.18627112548976,-118.82603289286772,kmeans,1000
151,38.159814158277385,-121.68246142423207,kmeans,1000
152,37.68618824187452,-122.46979046437622,kmeans,1000
153,35.114784439726904,-120.59963267759456,kmeans,1000
154,34.09315027821983,-117.9970342684327,kmeans,1000
155,39.205754700498645,-123.19389273196556,kmeans,1000
156,36.7876287323898,-121.74124153092396,kmeans,1000
157,36.22349367932584,-119.74580316964649,kmeans,1000
158,33.29363758854274,-117.11723860701342,kmeans,1000
159,38.679079512514,-121.07564149118232,kmeans,1000
160,32.79040082676063,-117.18920584871626,kmeans,1000
161,33.11010921945749,-117.09725794333092,kmeans,1000
162,33.8589189298107,-117.79636481582192,kmeans,1000
163,38.19481543159167,-121.26161210535541,kmeans,1000
164,37.621912942998975,-121.17916382164599,kmeans,1000
165,35.70690491080698,-119.3927099686636,kmeans,1000
166,34.19354488432516,-117.82360431361586,kmeans,1000
167,36.80351056664492,-119.89189297970722,kmeans,1000
168,33.905195481027135,-118.29672750137173,kmeans,1000
169,38.60484240275314,-122.8531555625726,kmeans,1000
170,33.40132763618641,-117.58858073217607,kmeans,1000
171,33.4112576908068,-117.60107127094001,kmeans,1000
172,34.10567496165673,-117.69284068325801,kmeans,1000
173,34.42621610537589,-119.70354249769714,kmeans,1000
174,33.41209706060495,-117.11880548245799,kmeans,1000
175,34.99006850111789,-117.53791137980777,kmeans,1000
176,33.88334645824065,-118.1985443090544,kmeans,1000
177,37.95447668216344,-120.43405709038501,kmeans,1000
178,37.70774943271297,-120.91232612328838,kmeans,1000
179,34.5798092506592,-118.69580295194166,kmeans,1000
180,37.61381759613201,-122.07494650416824,kmeans,1000
181,39.09970600734158,-123.20694726494648,kmeans,1000
182,34.09604976019874,-117.2972090281619,kmeans,1000
183,39.44878963009938,-123.36458330646653,kmeans,1000
184,38.6931866864026,-120.0863598539386,kmeans,1000
185,34.47844191649153,-118.30434968260778,kmeans,1000
186,38.235056296675786,-122.26163991425142,kmeans,1000
187,37.56525874213746,-122.3266800764483,kmeans,1000
188,37.7981130219868,-121.20111056293155,kmeans,1000
189,37.46388327607604,-122.10907234187086,kmeans,1000
190,37.959245873611586,-122.36755985591729,kmeans,1000
191,38.884904828592084,-121.98240376635083,kmeans,1000
192,34.157616245922405,-118.80808030764348,kmeans,1000
193,33.91049555714632,-117.24820289495216,kmeans,1000
194,39.488456682602184,-121.8844519506753,kmeans,1000
195,34.77428042905575,-117.17425581467336,kmeans,1000
196,37.491141193412645,-119.98848750476756,kmeans,1000
197,35.50641763933664,-119.12969869750117,kmeans,1000
198,33.80763532031824,-117.24409170892781,kmeans,1000
199,34.42141963112759,-119.6055262225781,kmeans,1000
200,34.034266552666125,-118.0944925339387,kmeans,1000
201,34.09607813762995,-118.46874816042659,kmeans,1000
202,38.30565935400042,-122.90026436541156,kmeans,1000
203,36.300256642769575,-119.79929284716947,kmeans,1000
204,35.668704201208186,-118.02456222366217,kmeans,1000
205,37.24564504624401,-121.78296174664463,kmeans,1000
206,38.57769265899057,-122.67230017765729,kmeans,1000
207,38.70763241245978,-122.98155049210504,kmeans,1000
208,33.91985237158177,-117.41328628694579,kmeans,1000
209,33.81617440199454,-118.28449090370646,kmeans,1000
210,37.92958383212342,-122.38657237357378,kmeans,1000
211,34.33805716536631,-118.49005152136412,kmeans,1000
212,38.14776440103272,-122.37826532528176,kmeans,1000
213,36.19777243146892,-119.90313934462677,kmeans,1000
214,37.02181975421098,-119.75717301632695,kmeans,1000
215,38.451833695906004,-122.38976366225738,kmeans,1000
216,34.521129188480295,-120.30368599932241,kmeans,1000
217,34.86249477560706,-114.63167501481936,kmeans,1000
218,38.01444418010408,-121.91728041447995,kmeans,1000
219,35.85735168553655,-119.2774039290804,kmeans,1000
220,33.79156655374761,-117.73053342266589,kmeans,1000
221,35.345218918948035,-119.03134746204489,kmeans,1000
222,33.88618022371382,-117.89148943480244,kmeans,1000
223,34.224959419187655,-119.18118687830285,kmeans,1000
224,34.69462334129378,-118.15543683713484,kmeans,1000
225,38.37953768417994,-120.79619791662874,kmeans,1000
226,34.09522883236166,-117.6958365829833,kmeans,1000
227,37.39707142063482,-121.99523549351342,kmeans,1000
228,38.33523155914425,-120.777919486579,kmeans,1000
229,34.40337574400444,-119.29714534496017,kmeans,1000
230,38.811451599012535,-121.2055045116406,kmeans,1000
231,33.997010869501295,-117.89616362913557,kmeans,1000
232,33.34026288196526,-117.1907391295876,kmeans,1000
233,37.52690907230564,-121.99545018274279,kmeans,1000
234,40.99963321902394,-123.64119027899167,kmeans,1000
235,36.789054542017396,-121.69162065973208,kmeans,1000
236,40.594391341242044,-122.37662326546757,kmeans,1000
237,38.10122353295868,-121.3693075317554,kmeans,1000
238,35.705925200342264,-119.396132576832,kmeans,1000
239,36.74251423405395,-119.7937989497927,kmeans,1000
240,36.10488439046765,-119.57677329952938,kmeans,1000
241,40.78582600333359,-124.1760559789387,kmeans,1000
242,33.63504496895341,-117.89340241054076,kmeans,1000
243,35.38869673318081,-119.0132952045335,kmeans,1000
244,37.36362398452917,-120.87063041742417,kmeans,1000
245,36.98913566346787,-121.9934827230101,kmeans,1000
246,32.70386360117025,-117.10992738989415,kmeans,1000
247,33.486000914492976,-117.65172115168176,kmeans,1000
248,34.08585396459636,-117.40153367949208,kmeans,1000
249,38.630555740837124,-121.20123513600697,kmeans,1000
250,36.47853308667321,-119.5024024884745,kmeans,1000
251,37.904594428538175,-121.28705955650945,kmeans,1000
252,37.698441007766604,-121.31274935427882,kmeans,1000
253,35.44484810032007,-120.63706870536262,kmeans,1000
254,38.51660423991955,-121.47872737661201,kmeans,1000
255,36.70119286278209,-121.67883460622495,kmeans,1000
256,38.3009113720845,-121.3142025782073,kmeans,1000
257,37.30470365268753,-122.00362000102918,kmeans,1000
258,33.849607765351145,-116.43586010151985,kmeans,1000
259,37.31107573569271,-121.90064998264842,kmeans,1000
260,37.104493085760936,-121.62600223003277,kmeans,1000
261,36.31068768859746,-119.39081046877445,kmeans,1000
262,37.387611457981514,-120.70603927517143,kmeans,1000
263,33.1853170597301,-117.21341791645233,kmeans,1000
264,32.90288573359503,-117.11342223824809,kmeans,1000
265,38.39761755679321,-120.69792061030462,kmeans,1000
266,34.02832692808978,-118.80047310945577,kmeans,1000
267,38.81217795611964,-121.11905700137342,kmeans,1000
268,39.300848831907736,-120.09596029210878,kmeans,1000
269,33.79439800284937,-117.82872085833392,kmeans,1000
270,33.88875744568334,-117.53651127059774,kmeans,1000
271,37.823020575642914,-122.2875316508027,kmeans,1000
272,38.22141794839313,-122.60979511799923,kmeans,1000
273,38.485617707002696,-121.41245852938718,kmeans,1000
274,38.67564467966711,-121.6039477803952,kmeans,1000
275,34.121720678919864,-118.71145205166596,kmeans,1000
276,36.67150446253149,-121.6636825119099,kmeans,1000
277,34.12352246191826,-118.37677502321458,kmeans,1000
278,37.0896331885128,-121.01110143035226,kmeans,1000
279,33.80200437366193,-117.50096044905025,kmeans,1000
280,37.754958353702065,-122.40126177263474,kmeans,1000
281,36.90763141158669,-119.79998725971994,kmeans,1000
282,39.22961167430661,-120.06460321499193,kmeans,1000
283,35.40599583401731,-119.09790774493851,kmeans,1000
284,34.27261364828867,-118.593547952406,kmeans,1000
285,34.82947897595578,-118.17650624038963,kmeans,1000
286,36.308857601636234,-121.21193463318727,kmeans,1000
287,37.739621087507146,-121.58612582158288,kmeans,1000
288,38.29437291181262,-122.69945786859134,kmeans,1000
289,34.076602234699415,-117.39927517048544,kmeans,1000
290,35.51733892075847,-119.58210356263639,kmeans,1000
291,38.50329688964632,-121.57255393622361,kmeans,1000
292,32.60039211770107,-117.0665822625434,kmeans,1000
293,33.61121228499074,-117.78310020334538,kmeans,1000
294,38.57732344750915,-121.58566429937193,kmeans,1000
295,36.77987664798709,-119.71652119714649,kmeans,1000
296,37.470242149775096,-119.95336661718089,kmeans,1000
297,39.077273195195744,-121.54870250252976,kmeans,1000
298,38.97794329366416,-123.0939417689142,kmeans,1000
299,34.78529303524191,-120.49818730759382,kmeans,1000
300,34.01788053934297,-117.10091951882934,kmeans,1000
301,34.22748104342202,-117.19420056990472,kmeans,1000
302,38.064367540741785,-122.1142007619211,kmeans,1000
303,37.800934541205784,-121.58345453813638,kmeans,1000
304,38.912006476874936,-121.097270862883,kmeans,1000
305,34.89204403567677,-120.41233088091755,kmeans,1000
306,33.288354110575135,-117.28334069535678,kmeans,1000
307,38.3009113720845,-121.31420257820731,kmeans,1000
308,34.40385611804628,-118.57768052978363,kmeans,1000
309,38.4866328302621,-121.41152190105701,kmeans,1000
310,36.51075982584326,-121.11311462874541,kmeans,1000
311,38.41624482544397,-122.58386807354178,kmeans,1000
312,37.59815068782028,-121.86903309068103,kmeans,1000
313,34.69812269624979,-117.20469383349084,kmeans,1000
314,37.69896570179841,-121.87582188655978,kmeans,1000
315,37.311075735692725,-121.90064998264842,kmeans,1000
316,37.80116061856258,-119.07303355974594,kmeans,1000
317,37.7016578524039,-121.79984689063271,kmeans,1000
318,34.00681482112578,-117.52018866119371,kmeans,1000
319,37.30866121764634,-121.87597512444951,kmeans,1000
320,38.406295747120346,-121.37483330054891,kmeans,1000
321,34.0068148211258,-117.52018866119374,kmeans,1000
322,34.299501096705114,-119.1091385807251,kmeans,1000
323,34.01880277720148,-118.4736396914837,kmeans,1000
324,34.31872666607272,-118.78394859768731,kmeans,1000
325,39.171557742051945,-122.97514240451986,kmeans,1000
326,39.371794022589356,-123.49094054223481,kmeans,1000
327,36.28152766193797,-119.20562191122687,kmeans,1000
328,37.98544118798132,-121.29261835233707,kmeans,1000
329,38.101487954733905,-121.70678995889578,kmeans,1000
330,34.49358983311355,-117.31360777829315,kmeans,1000
331,35.4987719095911,-117.66387032491747,kmeans,1000
332,33.09960641595784,-117.30889173182554,kmeans,1000
333,34.877159666284726,-120.4372847658544,kmeans,1000
334,38.969024613806084,-121.3889111518667,kmeans,1000
335,37.990435931292005,-122.52654938194733,kmeans,1000
336,34.02512016295493,-117.58011993184626,kmeans,1000
337,33.81884541817958,-118.28333591682068,kmeans,1000
338,38.42247101610411,-122.71716350529194,kmeans,1000
339,34.801718273133154,-118.17572574113602,kmeans,1000
340,40.77675285961373,-124.15910086742619,kmeans,1000
341,37.080201457472306,-122.10449060913724,kmeans,1000
342,38.00898177584197,-121.36092802459895,kmeans,1000
343,38.02195552945951,-122.21674302695197,kmeans,1000
344,37.48654889784685,-122.1167524520169,kmeans,1000
345,37.79498982906539,-121.44020775723882,kmeans,1000
346,35.986245997858774,-119.95833297310816,kmeans,1000
347,37.83401174652053,-122.48364822779125,kmeans,1000
348,40.79827709167016,-124.11176600590485,kmeans,1000
349,38.57643221426666,-121.58550452128321,kmeans,1000
350,33.442997129148,-116.86696434103519,kmeans,1000
351,37.79086052051745,-121.30421653356038,kmeans,1000
352,34.12375126385798,-119.09578705810951,kmeans,1000
353,37.87188521201598,-122.19684034936239,kmeans,1000
354,39.2329345008242,-120.77154260613766,kmeans,1000
355,34.2935845684078,-119.29888177637885,kmeans,1000
356,35.27355845555186,-118.88527274444101,kmeans,1000
357,33.59660172857105,-117.62150057726264,kmeans,1000
358,34.132007087633866,-118.70476766356339,kmeans,1000
359,38.361287286129965,-120.94368580650954,kmeans,1000
360,40.37307798056167,-121.53871062547199,kmeans,1000
361,36.73614299404787,-119.99460691935813,kmeans,1000
362,39.3902620257931,-120.06871046519501,kmeans,1000
363,39.370576181653924,-123.3433052619838,kmeans,1000
364,33.589123683093725,-117.62191204585059,kmeans,1000
365,36.981039291304846,-121.9281839086885,kmeans,1000
366,33.796811496564324,-118.09636100471364,kmeans,1000
367,38.70713719695393,-122.97912185417354,kmeans,1000
368,35.5062924259233,-120.6934000178097,kmeans,1000
369,37.991864042101746,-122.07817177858514,kmeans,1000
370,39.77386030348481,-121.87547814142034,kmeans,1000
371,32.72898822691429,-117.1715469586303,kmeans,1000
372,38.485713080130644,-122.72061011619473,kmeans,1000
373,36.996619653690196,-121.56400236662996,kmeans,1000
374,36.99661965369019,-121.56400236663,kmeans,1000
375,37.500199872200405,-120.99547952475568,kmeans,1000
376,33.930232456126774,-117.10884347121312,kmeans,1000
377,33.91993415034303,-116.87170587987099,kmeans,1000
378,36.425834457865776,-120.38507690248868,kmeans,1000
379,33.71230524270386,-117.39815826063534,kmeans,1000
380,34.85207649453311,-119.12951211891878,kmeans,1000
381,37.70112247490754,-122.01928682989032,kmeans,1000
382,37.89454048218948,-122.3111608211512,kmeans,1000
383,39.20060988170745,-121.07841554785209,kmeans,1000
384,40.35181995683683,-120.4582561998882,kmeans,1000
385,36.989135663467884,-121.99348272301015,kmeans,1000
386,36.59250002862919,-121.54990753154406,kmeans,1000
387,37.56802677281037,-122.03792839055326,kmeans,1000
388,32.60610768040905,-117.08413052589579,kmeans,1000
389,37.48783312304494,-121.10683560792916,kmeans,1000
390,37.18873986003078,-121.69792490140175,kmeans,1000
391,37.904643479777334,-121.30178918625829,kmeans,1000
392,35.63880383648689,-117.79219738949554,kmeans,1000
393,37.593599756524085,-119.96505204656,kmeans,1000
394,37.472123219401716,-119.63944242924072,kmeans,1000
395,38.31644894560527,-122.30451446378174,kmeans,1000
396,39.98781371357641,-120.93990715675551,kmeans,1000
397,33.8589189298107,-117.79636481582192,kmeans,1000
398,38.8265092007804,-121.52537770673652,kmeans,1000
399,34.52047579432399,-120.21454215996319,kmeans,1000
400,34.87216496023641,-118.17664926439471,kmeans,1000
401,36.59672918723806,-119.30859810706059,kmeans,1000
402,37.790180349148095,-122.21281460330621,kmeans,1000
403,37.33108409293528,-118.39409748716882,kmeans,1000
404,37.80517829151027,-120.70010623462889,kmeans,1000
405,35.60708602754611,-119.32143969166515,kmeans,1000
406,37.653715956918944,-122.4780918509021,kmeans,1000
407,36.7011928627821,-121.67883460622501,kmeans,1000
408,37.90972015216017,-122.0733630931202,kmeans,1000
409,39.19548543865062,-123.2036357056841,kmeans,1000
410,37.61573271382141,-120.99629852202641,kmeans,1000
411,34.27695907531209,-119.10771087515829,kmeans,1000
412,36.30953336376266,-119.69722185497666,kmeans,1000
413,35.31735448991463,-119.02080839550104,kmeans,1000
414,34.87245462066483,-118.1737520272397,kmeans,1000
415,36.61929603072298,-120.20041405867968,kmeans,1000
416,33.181015916807425,-117.31282756913508,kmeans,1000
417,38.86774007906444,-122.60704787691016,kmeans,1000
418,36.518313875319066,-119.29376147652611,kmeans,1000
419,37.895557979748666,-121.48389605865104,kmeans,1000
420,37.764711859366955,-121.41049785425518,kmeans,1000
421,33.71230524270388,-117.39815826063538,kmeans,1000
422,32.63196704347827,-116.76999952173915,kmeans,1000
423,34.07821179836444,-118.21375700806925,kmeans,1000
424,38.73261995708882,-120.57238312975458,kmeans,1000
425,40.194124064468774,-123.59595842556047,kmeans,1000
426,34.08412240362303,-118.09220314544612,kmeans,1000
427,37.93865905884694,-122.38075541359191,kmeans,1000
428,35.27097525679138,-118.61260887536233,kmeans,1000
429,37.79935380244256,-120.99288076323849,kmeans,1000
430,35.58569074128853,-121.11578897171813,kmeans,1000
431,36.56882236205585,-120.51253380780733,kmeans,1000
432,38.49097508366358,-122.95747153649722,kmeans,1000
433,34.62864726604854,-118.18200133344772,kmeans,1000
434,34.011641049068814,-117.81390868047501,kmeans,1000
435,35.50906862507144,-121.00953134350002,kmeans,1000
436,32.893450733403895,-117.21615574429805,kmeans,1000
437,33.197789984987956,-117.37190968276985,kmeans,1000
438,38.295180545943005,-121.48110140265302,kmeans,1000
439,33.78275037596786,-117.11021487860805,kmeans,1000
440,34.726029853559396,-120.47996972274719,kmeans,1000
441,33.890019768758684,-117.59069889413631,kmeans,1000
442,38.607308212522646,-121.30956915915242,kmeans,1000
443,37.74072157129946,-121.50234657476464,kmeans,1000
444,33.50202701385753,-117.67024972336414,kmeans,1000
445,34.27966791055346,-118.69524489889902,kmeans,1000
446,37.61573271382141,-120.9962985220264,kmeans,1000
447,37.75772035495411,-122.19318916445779,kmeans,1000
448,40.504902970376484,-121.90129355650683,kmeans,1000
449,36.36778170368315,-119.411596037868,kmeans,1000
450,34.279667910553485,-118.69524489889908,kmeans,1000
451,34.17214588360745,-118.30345940176457,kmeans,1000
452,34.29798596242575,-118.48838365448542,kmeans,1000
453,34.521765862167115,-120.30358050599509,kmeans,1000
454,36.49504387025885,-119.50503984642411,kmeans,1000
455,33.99608928668617,-117.37962055234708,kmeans,1000
456,38.57732344750915,-121.5856642993719,kmeans,1000
457,36.55514525401207,-119.60728348688338,kmeans,1000
458,38.37355050681822,-120.74421716899313,kmeans,1000
459,40.48601379733546,-122.58279480103543,kmeans,1000
460,33.81712878490945,-118.20238848179278,kmeans,1000
461,35.52719763311403,-117.93484318367142,kmeans,1000
462,37.847263078705836,-120.60602757704562,kmeans,1000
463,38.63055574083713,-121.20123513600696,kmeans,1000
464,40.61752578918551,-121.50233017239708,kmeans,1000
465,36.901390555175425,-119.77654767395614,kmeans,1000
466,34.02239165917724,-118.00274739717277,kmeans,1000
467,37.53603363196814,-122.00487665690758,kmeans,1000
468,37.41613342895585,-122.20329835268528,kmeans,1000
469,33.380418795495544,-117.256949424035,kmeans,1000
470,38.02163585028377,-119.16387265323628,kmeans,1000
471,37.286347033374156,-119.67584481176137,kmeans,1000
472,34.50749006147327,-118.11762890709323,kmeans,1000
473,40.99053315930391,-123.638826414369,kmeans,1000
474,33.58837663566661,-117.50097030013124,kmeans,1000
475,37.22061850067316,-119.50621895676646,kmeans,1000
476,34.47818727144416,-117.11510572597412,kmeans,1000
477,35.796351736100775,-119.26136962411717,kmeans,1000
478,36.891919330690044,-121.76255697843831,kmeans,1000
479,39.461219047619046,-120.00794928571429,kmeans,1000
480,39.20972628164884,-121.40524065222074,kmeans,1000
481,37.42237099478547,-120.79299863917596,kmeans,1000
482,37.98571529440223,-120.29732285231624,kmeans,1000
483,40.19265613462741,-122.22976876507518,kmeans,1000
484,37.68785931954012,-121.01240095769073,kmeans,1000
485,37.808541452191314,-121.99379509839277,kmeans,1000
486,36.599996480525796,-120.38644146393486,kmeans,1000
487,39.20690835051537,-121.12989157508503,kmeans,1000
488,37.50318050384602,-122.25718366258289,kmeans,1000
489,33.70424446993339,-117.82086043893338,kmeans,1000
490,40.957331225896375,-123.72539566011213,kmeans,1000
491,37.80732793453886,-121.8965106616699,kmeans,1000
492,34.22490732757521,-118.89361881393147,kmeans,1000
493,36.33699969794365,-119.6582971198303,kmeans,1000
494,38.69161926542892,-121.2169838300052,kmeans,1000
495,38.22955964590792,-122.26515512426718,kmeans,1000
496,38.70763241245979,-122.98155049210507,kmeans,1000
497,38.884449362911255,-121.31118341784835,kmeans,1000
498,33.996089286686164,-117.37962055234702,kmeans,1000
499,37.51755258007489,-122.49316365040582,kmeans,1000
500,34.483195898721455,-118.30367384902861,kmeans,1000
501,37.8957102465612,-121.66526995001003,kmeans,1000
502,35.36668490421803,-118.91755476129815,kmeans,1000
503,37.060031126749465,-121.23681541491015,kmeans,1000
504,36.11979990258852,-119.05635874991196,kmeans,1000
505,33.11057240741556,-117.09936830098292,kmeans,1000
506,34.10654382821406,-119.06528496023684,kmeans,1000
507,35.17672981500608,-119.10374710024593,kmeans,1000
508,33.4875537975884,-117.13006085953056,kmeans,1000
509,35.00664303736229,-120.56837777005342,kmeans,1000
510,37.39707142063485,-121.99523549351343,kmeans,1000
511,33.50202701385752,-117.67024972336417,kmeans,1000
512,34.43259419363792,-119.86898658147723,kmeans,1000
513,35.00214030212876,-117.62237504918131,kmeans,1000
514,37.50311146182765,-121.20231079302037,kmeans,1000
515,38.40506104268679,-121.9142769320365,kmeans,1000
516,34.990584329750035,-119.79746286090278,kmeans,1000
517,38.424221070932234,-120.10125406328496,kmeans,1000
518,34.493986121868026,-118.1196302413964,kmeans,1000
519,39.826905110759505,-121.59833890189871,kmeans,1000
520,37.64140153882182,-120.82712526433946,kmeans,1000
521,32.68456678473445,-116.81015421170586,kmeans,1000
522,34.54998074053251,-117.96466212403475,kmeans,1000
523,37.49963441438104,-120.85297024385976,kmeans,1000
524,33.806597818126846,-117.50490442102571,kmeans,1000
525,33.086387952077615,-117.01160718736425,kmeans,1000
526,40.42792223395838,-123.9836204494261,kmeans,1000
527,38.19863049869443,-120.68223923682584,kmeans,1000
528,33.41238662100237,-117.11642493227707,kmeans,1000
529,34.945378465074654,-119.68120341203644,kmeans,1000
530,40.8457466727533,-120.71453174625715,kmeans,1000
531,41.20125365644,-122.2786457080261,kmeans,1000
532,37.91090906903615,-121.21295951470425,kmeans,1000
533,36.723341026634806,-119.79313006296834,kmeans,1000
534,36.69808052787373,-119.71420070858011,kmeans,1000
535,32.89344210691625,-117.21608055741171,kmeans,1000
536,35.40284960478544,-119.40088607377338,kmeans,1000
537,34.43020630134979,-118.40600439346524,kmeans,1000
538,37.36841481750434,-121.83139050173769,kmeans,1000
539,36.41294346736725,-119.80118996068713,kmeans,1000
540,34.186271125489746,-118.82603289286766,kmeans,1000
541,34.807639597812184,-117.11363696539674,kmeans,1000
542,39.708619177762394,-121.5130444262246,kmeans,1000
543,38.287212056405,-122.4504868187876,kmeans,1000
544,33.99712266030866,-118.09615137499647,kmeans,1000
545,33.19376754943768,-117.11148114448635,kmeans,1000
546,35.38644723437029,-119.01282327977606,kmeans,1000
547,37.71723775188013,-122.4113073500872,kmeans,1000
548,38.00038472268963,-121.79520506560047,kmeans,1000
549,39.908989471870974,-120.7820019944959,kmeans,1000
550,39.10921743843355,-121.08831518864977,kmeans,1000
551,38.265439745916645,-122.06783933984472,kmeans,1000
552,35.322866380093515,-119.2668307590761,kmeans,1000
553,36.989135663467884,-121.99348272301015,kmeans,1000
554,34.87097320268873,-118.1754935662702,kmeans,1000
555,37.10553639706522,-121.6147772758263,kmeans,1000
556,35.512049967983465,-119.57248983174927,kmeans,1000
557,35.6461720339975,-118.44313311229206,kmeans,1000
558,36.20505182699096,-119.33071737998,kmeans,1000
559,39.39465444208027,-121.63578664342711,kmeans,1000
560,34.41643112975597,-117.2097654684173,kmeans,1000
561,38.68248436756501,-121.37497457018316,kmeans,1000
562,35.409232886034275,-119.08116319959174,kmeans,1000
563,36.780937052193615,-119.7951393888882,kmeans,1000
564,37.75995424836547,-121.40909339740446,kmeans,1000
565,34.195828690848415,-117.30591967312861,kmeans,1000
566,33.62016944219696,-114.59505804496224,kmeans,1000
567,34.49125985831805,-117.32843961325665,kmeans,1000
568,38.71472469373765,-120.72785524264022,kmeans,1000
569,37.771788604799276,-121.30317108670215,kmeans,1000
570,37.482752798387956,-122.20235140340138,kmeans,1000
571,34.28085413362277,-117.30491861587804,kmeans,1000
572,37.602854909251135,-122.48867367007342,kmeans,1000
573,33.90251494173032,-118.19743151003931,kmeans,1000
574,37.400518577284856,-120.73395279106354,kmeans,1000
575,36.036836993571264,-119.00208137969139,kmeans,1000
576,33.13459243661608,-117.17915719625003,kmeans,1000
577,37.897328876433775,-121.00164215676911,kmeans,1000
578,33.97957235539877,-117.3869143236696,kmeans,1000
579,34.61760567435119,-120.08936756898233,kmeans,1000
580,37.68618824187451,-122.46979046437623,kmeans,1000
581,34.736452891682845,-114.56375740799423,kmeans,1000
582,40.41278766159305,-120.99256050810482,kmeans,1000
583,35.82304784042186,-119.16148023177533,kmeans,1000
584,40.13257029655483,-120.26198498571033,kmeans,1000
585,34.04043648579048,-118.58382608459709,kmeans,1000
586,38.49195368889659,-121.93834964390132,kmeans,1000
587,39.20506799036012,-121.01148223494158,kmeans,1000
588,37.31184316422772,-121.10098346277191,kmeans,1000
589,40.92077063429381,-124.08160088343132,kmeans,1000
590,38.667186474127554,-121.02230021711387,kmeans,1000
591,36.3848327960404,-119.29544639549744,kmeans,1000
592,34.434142505818485,-117.65873946537907,kmeans,1000
593,39.32798382012749,-120.19723885545343,kmeans,1000
594,36.88396529960978,-121.40324442205788,kmeans,1000
595,38.37004757485243,-121.97282563170005,kmeans,1000
596,33.766361502577496,-116.90931985529592,kmeans,1000
597,35.28753314066153,-118.91088784306366,kmeans,1000
598,41.67341564216912,-122.60732938061528,kmeans,1000
599,37.72865515975098,-120.1194520680876,kmeans,1000
600,39.31731723747771,-120.46598197892857,kmeans,1000
601,37.33440948792213,-120.59106081304664,kmeans,1000
602,36.38901760962748,-119.20655152067093,kmeans,1000
603,36.72755211869671,-120.38925328175212,kmeans,1000
604,38.712341212059044,-120.81381315230553,kmeans,1000
605,37.04993954131821,-120.87191396073213,kmeans,1000
606,38.68059598158441,-121.37462703006781,kmeans,1000
607,38.62749847073546,-122.6059934591196,kmeans,1000
608,39.20060988170746,-121.07841554785209,kmeans,1000
609,40.702126250776764,-122.35895746817845,kmeans,1000
610,33.921004996096514,-118.36808703053558,kmeans,1000
611,36.89476419884129,-121.71977381667635,kmeans,1000
612,38.115841541484656,-121.12107858412764,kmeans,1000
613,36.89033946607201,-119.91709484181547,kmeans,1000
614,40.44532032933719,-122.29488341643818,kmeans,1000
615,34.4996807112058,-120.21712491722836,kmeans,1000
616,33.823863308559226,-117.37368421081892,kmeans,1000
617,40.32078150270503,-122.38608484882208,kmeans,1000
618,41.775851299701735,-124.18849343437189,kmeans,1000
619,38.99429840285042,-121.0948787184203,kmeans,1000
620,36.523968075969805,-121.91331224756595,kmeans,1000
621,32.85161029698208,-116.90597564298523,kmeans,1000
622,37.98921647630055,-120.29685816831524,kmeans,1000
623,38.68062737073711,-121.50560694453402,kmeans,1000
624,38.01808792056554,-120.63882769377379,kmeans,1000
625,33.63205874169496,-117.76253224917909,kmeans,1000
626,37.198614667662945,-119.71838779155092,kmeans,1000
627,39.70936606493506,-123.30527353246757,kmeans,1000
628,37.416133428955845,-122.20329835268522,kmeans,1000
629,33.796811496564324,-118.09636100471367,kmeans,1000
630,38.18177461602586,-122.43527082522817,kmeans,1000
631,38.607308212522646,-121.30956915915242,kmeans,1000
632,38.1063568558456,-119.19011814440857,kmeans,1000
633,38.29060864608305,-122.0237856199452,kmeans,1000
634,39.13719780417849,-120.91292227165624,kmeans,1000
635,36.85280891974831,-121.60118367174825,kmeans,1000
636,36.86117666278566,-121.49546329143523,kmeans,1000
637,38.58252754052144,-122.82035618194413,kmeans,1000
638,39.801937375928226,-123.23119446882028,kmeans,1000
639,33.11057240741557,-117.09936830098287,kmeans,1000
640,33.7157697953195,-117.40368660603507,kmeans,1000
641,34.64191878598971,-117.26843068710735,kmeans,1000
642,36.437448774658144,-119.84485225580136,kmeans,1000
643,34.09912394601304,-117.9029727378189,kmeans,1000
644,36.519146724226346,-121.46578973145643,kmeans,1000
645,32.79341485446746,-116.99551529714374,kmeans,1000
646,38.40557933046294,-121.49143065750305,kmeans,1000
647,36.19736540125646,-121.12260490792733,kmeans,1000
648,35.02114286363191,-120.31352446391814,kmeans,1000
649,34.093463178992,-118.28652948967286,kmeans,1000
650,34.30654223424378,-117.46032731699567,kmeans,1000
651,36.43159662879803,-121.34417526816516,kmeans,1000
652,38.53769542765438,-121.73281656995853,kmeans,1000
653,33.50202701385752,-117.67024972336417,kmeans,1000
654,36.9054484090076,-120.18888592465491,kmeans,1000
655,40.14209431506187,-123.8199955743767,kmeans,1000
656,35.4029056723667,-119.40889198150482,kmeans,1000
657,38.88449440683472,-122.2371248017798,kmeans,1000
658,35.98542364911942,-119.29541069772954,kmeans,1000
659,34.18111288717527,-118.48046000390828,kmeans,1000
660,40.0246556148757,-121.09098808379532,kmeans,1000
661,38.53708038476527,-122.47132121465165,kmeans,1000
662,33.80659781812685,-117.50490442102569,kmeans,1000
663,39.09940538112387,-122.10114292521311,kmeans,1000
664,34.103838447693015,-118.60779094150863,kmeans,1000
665,37.30334635940934,-121.6992958752822,kmeans,1000
666,34.69750959757505,-119.37413252058724,kmeans,1000
667,38.902534430941834,-120.89182654473511,kmeans,1000
668,36.73414117369767,-120.11724646541525,kmeans,1000
669,36.68584833402626,-121.62771004727591,kmeans,1000
670,38.67772976734983,-121.72289300165247,kmeans,1000
671,34.267750873369735,-119.20448816654803,kmeans,1000
672,36.991034054788926,-119.89529198035378,kmeans,1000
673,33.68725201161841,-117.31216794589344,kmeans,1000
674,37.86610049443293,-122.03414032138342,kmeans,1000
675,37.686188241874504,-122.46979046437623,kmeans,1000
676,39.10956916664483,-121.0863430580482,kmeans,1000
677,35.685575724385586,-119.72408478972305,kmeans,1000
678,34.276325738513464,-118.42178842158013,kmeans,1000
679,33.08133055009022,-116.60575118268622,kmeans,1000
680,34.30938413959963,-117.46862432870905,kmeans,1000
681,34.01191291922799,-118.19692455965644,kmeans,1000
682,37.7118220769593,-121.09030793610155,kmeans,1000
683,41.8191822376628,-122.57980631062418,kmeans,1000
684,39.338290386883536,-120.3123271947344,kmeans,1000
685,38.46054517828794,-120.52117366995759,kmeans,1000
686,38.00598145923475,-122.00859162346327,kmeans,1000
687,34.27966791055346,-118.695244898899,kmeans,1000
688,41.01024656902715,-124.10855230221092,kmeans,1000
689,39.00302974735894,-122.86353626399787,kmeans,1000
690,37.907007424170025,-122.51598866686217,kmeans,1000
691,38.40806800005444,-120.59875075536422,kmeans,1000
692,35.157180557951,-118.50153101071808,kmeans,1000
693,37.4721232194017,-119.63944242924073,kmeans,1000
694,38.22674911258224,-122.11147712529413,kmeans,1000
695,38.213950268600335,-120.3705919779974,kmeans,1000
696,34.483195898721455,-118.30367384902863,kmeans,1000
697,33.613149431954795,-117.44405340488964,kmeans,1000
698,37.00870125394494,-119.40795656033453,kmeans,1000
699,33.904563400438946,-118.09918095066168,kmeans,1000
700,40.1059791724138,-123.69747868965518,kmeans,1000
701,35.093549849480375,-118.14621303739005,kmeans,1000
702,33.68531637758207,-117.88722865647576,kmeans,1000
703,34.093150278219845,-117.9970342684327,kmeans,1000
704,34.418373532818286,-117.5933004704,kmeans,1000
705,35.305896088875656,-119.62026169949154,kmeans,1000
706,37.00553652744661,-119.51162313102945,kmeans,1000
707,33.68039125091865,-117.61689018053018,kmeans,1000
708,40.47095198711533,-120.60574313764226,kmeans,1000
709,32.78937008247496,-117.11562133895805,kmeans,1000
710,35.24082160046184,-118.680791761083,kmeans,1000
711,38.78374704393026,-121.27893846027172,kmeans,1000
712,34.158529010482546,-118.66432068477398,kmeans,1000
713,38.39926507589765,-120.69461123167082,kmeans,1000
714,35.085180325673434,-118.99020159116279,kmeans,1000
715,34.26775087336976,-119.2044881665481,kmeans,1000
716,34.206108290942474,-117.42060105123043,kmeans,1000
717,39.63870163610458,-123.41263239658706,kmeans,1000
718,34.08585396459636,-117.40153367949208,kmeans,1000
719,38.09590642671432,-122.51463230335675,kmeans,1000
720,38.12466157151625,-122.27531305855237,kmeans,1000
721,37.97944740780733,-121.69919388156471,kmeans,1000
722,34.380910326206624,-118.48866362459104,kmeans,1000
723,37.79018034914807,-122.2128146033062,kmeans,1000
724,38.898730306432434,-120.89056460735864,kmeans,1000
725,33.5160159,-114.59941940000002,kmeans,1000
726,36.10731305926475,-119.51968074001628,kmeans,1000
727,39.102531167951724,-122.85272053753697,kmeans,1000
728,33.52087391901196,-117.61179709185734,kmeans,1000
729,36.581371101257986,-119.42878297996647,kmeans,1000
730,35.0038359696149,-118.94995163178561,kmeans,1000
731,33.613580023370794,-117.29426079042292,kmeans,1000
732,40.14307419073977,-122.20853590569368,kmeans,1000
733,33.88379398308072,-118.01271209839825,kmeans,1000
734,38.82370160996838,-121.29173194208943,kmeans,1000
735,32.789803348607585,-117.18765990989534,kmeans,1000
736,34.782900868182544,-118.29175618329134,kmeans,1000
737,34.26521803936705,-119.20723146275738,kmeans,1000
738,36.204142532957,-119.31864293276347,kmeans,1000
739,36.876573293739206,-119.3173684336891,kmeans,1000
740,38.858982185052874,-120.8780842890741,kmeans,1000
741,37.97022697473569,-121.72517119392795,kmeans,1000
742,40.91085699577871,-124.09394151453414,kmeans,1000
743,35.99112881517567,-119.98541799704373,kmeans,1000
744,36.588583774789996,-119.81515136562284,kmeans,1000
745,35.50712427945004,-120.6101197845887,kmeans,1000
746,37.904994071409625,-121.4070685843717,kmeans,1000
747,38.09681746363905,-121.27618317419383,kmeans,1000
748,34.06131797933985,-118.59171893191589,kmeans,1000
749,36.60429362173453,-121.81043606262583,kmeans,1000
750,33.74563719541776,-118.28553260307729,kmeans,1000
751,41.74650097716037,-124.16770334417808,kmeans,1000
752,40.9905331593039,-123.638826414369,kmeans,1000
753,37.59096451060671,-121.88695854227213,kmeans,1000
754,37.975596028297595,-121.23072856568673,kmeans,1000
755,33.72244766315864,-117.09363322334097,kmeans,1000
756,34.771009083112254,-118.80155861702428,kmeans,1000
757,38.47714117178013,-122.41328201791165,kmeans,1000
758,37.59383343793299,-120.91758424173844,kmeans,1000
759,40.033435364221205,-124.06607826646876,kmeans,1000
760,41.69590299406397,-122.70920281294383,kmeans,1000
761,38.6806273707371,-121.50560694453401,kmeans,1000
762,35.59975365451112,-119.61431557085572,kmeans,1000
763,37.089982882259136,-120.20651045045369,kmeans,1000
764,38.50099213080022,-121.15387466956956,kmeans,1000
765,33.11311518436435,-117.09963915162822,kmeans,1000
766,33.30583598005117,-117.47195934565542,kmeans,1000
767,40.46179044975062,-120.92484478907721,kmeans,1000
768,39.01038650170534,-122.62803663180541,kmeans,1000
769,40.87979438843224,-121.67964389353772,kmeans,1000
770,39.30059403920292,-121.04195096596223,kmeans,1000
771,33.282608711241636,-117.45097432215071,kmeans,1000
772,34.17489055512543,-118.8924032130595,kmeans,1000
773,37.7143863833429,-121.39564166707517,kmeans,1000
774,38.38180484384646,-122.91566169160711,kmeans,1000
775,40.605999144913646,-124.20083876966315,kmeans,1000
776,37.61673742462878,-122.40456401715507,kmeans,1000
777,37.30539134214068,-121.82554892713377,kmeans,1000
778,36.69267069188159,-121.79351935814839,kmeans,1000
779,36.71448044126538,-119.34968706147924,kmeans,1000
780,37.89071203469775,-121.617833060878,kmeans,1000
781,34.191882593741695,-117.87809722702477,kmeans,1000
782,38.19959512274838,-120.68752527047953,kmeans,1000
783,33.21836207862531,-117.00478255035956,kmeans,1000
784,38.39761755679321,-120.69792061030462,kmeans,1000
785,35.65486563719571,-119.20978111216297,kmeans,1000
786,37.98609171886207,-120.39983533263924,kmeans,1000
787,37.48775752172664,-121.13307665955637,kmeans,1000
788,36.199069440338576,-121.11891396187131,kmeans,1000
789,37.476431838746194,-120.62387293238436,kmeans,1000
790,35.089319856948116,-120.51367580964482,kmeans,1000
791,36.57748957628843,-121.90171028365657,kmeans,1000
792,34.187849616007604,-118.4003238788595,kmeans,1000
793,38.09681746363907,-121.27618317419382,kmeans,1000
794,34.92376927122026,-117.30696783509023,kmeans,1000
795,34.50865900911634,-117.91108531953718,kmeans,1000
796,39.39743954406732,-122.19633774550367,kmeans,1000
797,38.677729767349824,-121.72289300165248,kmeans,1000
798,41.7994406711611,-123.33033308402527,kmeans,1000
799,37.698373681988585,-121.90797889211825,kmeans,1000
800,39.55564239294654,-122.05595220993715,kmeans,1000
801,36.20967432508998,-119.39209918522867,kmeans,1000
802,34.023286149470586,-117.70653283520392,kmeans,1000
803,38.79195074744538,-120.01331361428261,kmeans,1000
804,35.713889014848306,-119.72653713797733,kmeans,1000
805,34.376268319890954,-119.01034567419143,kmeans,1000
806,38.191123838243364,-122.4539462994488,kmeans,1000
807,37.39425737571519,-121.112379972723,kmeans,1000
808,34.42366359900424,-119.70344612366824,kmeans,1000
809,35.19271730162742,-120.689115692072,kmeans,1000
810,33.99608928668618,-117.37962055234703,kmeans,1000
811,39.55744330414382,-120.81813361667183,kmeans,1000
812,36.089050399194846,-119.30297597419116,kmeans,1000
813,34.43792568210235,-118.31010953411165,kmeans,1000
814,33.41913832533714,-114.5941425955057,kmeans,1000
815,38.48139448796866,-120.6090109385685,kmeans,1000
816,38.134385653766614,-121.72407687548892,kmeans,1000
817,38.40706470815657,-122.73098256505257,kmeans,1000
818,38.71083085171501,-121.75657302255766,kmeans,1000
819,38.88366277294208,-122.71781881286472,kmeans,1000
820,33.385682854675366,-117.19606372611335,kmeans,1000
821,39.346043103681325,-120.4036016350878,kmeans,1000
822,37.62108632182689,-122.08625802153705,kmeans,1000
823,36.315344375917704,-119.61129495126316,kmeans,1000
824,36.33255471941883,-119.30123226587347,kmeans,1000
825,37.090984177413574,-121.00463651152883,kmeans,1000
826,36.33335487470621,-121.26849331623534,kmeans,1000
827,34.690717474763055,-120.39611847914674,kmeans,1000
828,35.71541204069094,-120.68828833652921,kmeans,1000
829,38.49178279641034,-122.20496613749955,kmeans,1000
830,34.08585396459636,-117.40153367949208,kmeans,1000
831,37.043300733503166,-120.63160540163557,kmeans,1000
832,38.153149353522466,-121.5823354039847,kmeans,1000
833,37.31819187253196,-119.61656224694956,kmeans,1000
834,34.195828690848415,-117.30591967312864,kmeans,1000
835,38.31122040602242,-122.02404671693316,kmeans,1000
836,35.204522490178114,-119.17685955575467,kmeans,1000
837,38.366875221287515,-121.96869901062283,kmeans,1000
838,40.31983789764917,-122.3889288124204,kmeans,1000
839,37.48126824314041,-119.90773791342299,kmeans,1000
840,37.42407725065957,-119.9809769874575,kmeans,1000
841,36.71290859450861,-120.30727791817117,kmeans,1000
842,38.477141171780126,-122.41328201791168,kmeans,1000
843,35.00929362666809,-120.5197256673425,kmeans,1000
844,34.50749006147327,-118.11762890709325,kmeans,1000
845,34.49234616784656,-118.19855102635815,kmeans,1000
846,41.81049243465524,-124.10272454659155,kmeans,1000
847,39.895613361872705,-121.68927059779236,kmeans,1000
848,41.72874923637622,-124.15753028584305,kmeans,1000
849,38.675644679667094,-121.60394778039529,kmeans,1000
850,34.7625369527247,-117.99803750966763,kmeans,1000
851,34.27474235738094,-118.99078995914417,kmeans,1000
852,36.6086318478316,-119.66378944122727,kmeans,1000
853,41.27798315408137,-122.29237583776153,kmeans,1000
854,35.31735448991462,-119.02080839550105,kmeans,1000
855,35.77815463368924,-120.72014594050353,kmeans,1000
856,34.4214196311276,-119.60552622257808,kmeans,1000
857,37.99662146957447,-121.63424937218085,kmeans,1000
858,37.71182207695929,-121.09030793610152,kmeans,1000
859,39.872236639924665,-123.72098022665025,kmeans,1000
860,39.3336564637865,-121.31793989788373,kmeans,1000
861,38.50186027497782,-121.79164321476208,kmeans,1000
862,37.62170270816001,-122.08132096856416,kmeans,1000
863,38.231403425852385,-121.9937674492897,kmeans,1000
864,37.3019853389017,-120.48790968597692,kmeans,1000
865,33.91744636236511,-117.2826241835045,kmeans,1000
866,38.05349093570576,-120.19316099119327,kmeans,1000
867,35.0145355915615,-120.49076727096715,kmeans,1000
868,34.395500685893325,-119.5087619697148,kmeans,1000
869,36.983528078830254,-121.74970936680101,kmeans,1000
870,39.42585799477651,-123.78549299505259,kmeans,1000
871,35.89468595708599,-119.40600328356375,kmeans,1000
872,37.34974308005001,-119.63353396608824,kmeans,1000
873,35.129818721289425,-119.4598608501531,kmeans,1000
874,35.315575691148254,-120.85080653595999,kmeans,1000
875,37.309414426341384,-121.90066528345011,kmeans,1000
876,38.106923131817915,-122.24431818146748,kmeans,1000
877,39.67298955901276,-121.71476317320659,kmeans,1000
878,35.293883208299,-120.6749061609548,kmeans,1000
879,39.19090387188553,-120.12669700529273,kmeans,1000
880,33.368756079272764,-117.26029265937497,kmeans,1000
881,36.90633484506855,-120.08517878178456,kmeans,1000
882,38.637170786856146,-121.10299985535973,kmeans,1000
883,38.377544056364734,-123.06117247314613,kmeans,1000
884,33.67770313551291,-117.71811785549458,kmeans,1000
885,38.597459918933005,-121.78548431907946,kmeans,1000
886,36.726383782668805,-119.88373756422415,kmeans,1000
887,37.72967852870473,-120.20207150967735,kmeans,1000
888,40.61416990677339,-122.36515133797037,kmeans,1000
889,33.921004996096514,-118.36808703053562,kmeans,1000
890,38.30091137208451,-121.3142025782073,kmeans,1000
891,33.60103945126521,-117.69587914890154,kmeans,1000
892,39.7253558011354,-121.82937815152616,kmeans,1000
893,35.1947287027083,-120.6771617836902,kmeans,1000
894,33.99543893237421,-117.90500149794558,kmeans,1000
895,34.20469371501834,-119.10299197787472,kmeans,1000
896,34.4996807112058,-120.21712491722836,kmeans,1000
897,36.601784391786325,-119.8864156484294,kmeans,1000
898,38.813174114628985,-121.12692833627571,kmeans,1000
899,37.86610049443293,-122.03414032138338,kmeans,1000
900,39.725329025426994,-122.15980862602926,kmeans,1000
901,38.27474007087052,-122.61298286710634,kmeans,1000
902,34.28400481962987,-118.80193662534857,kmeans,1000
903,37.90836896302138,-122.51002897879783,kmeans,1000
904,34.21643704952153,-117.19487901873629,kmeans,1000
905,38.29721931797351,-122.48411150918385,kmeans,1000
906,39.20929554021553,-121.1921789599278,kmeans,1000
907,39.105974840778515,-120.98483285803225,kmeans,1000
908,37.897678305306066,-122.60964048825433,kmeans,1000
909,33.93695358064024,-117.21400714816784,kmeans,1000
910,34.58444255177004,-118.13250579996632,kmeans,1000
911,36.48565314360443,-120.41511214707118,kmeans,1000
912,38.68745874374295,-120.90677038225748,kmeans,1000
913,34.68527323493017,-118.46564238973808,kmeans,1000
914,39.97095609261135,-120.92776145536689,kmeans,1000
915,36.789054542017375,-121.69162065973202,kmeans,1000
916,39.33091018317705,-123.53121144912797,kmeans,1000
917,39.38802133232919,-123.71607898667615,kmeans,1000
918,37.30536156132199,-122.39797646475238,kmeans,1000
919,38.09488070726586,-122.22327611265302,kmeans,1000
920,38.40515108558679,-121.48670302782935,kmeans,1000
921,34.488403371266784,-118.50215557006992,kmeans,1000
922,37.29780221021265,-122.3967661696823,kmeans,1000
923,34.19204044964971,-118.23559547009485,kmeans,1000
924,37.90459442853816,-121.28705955650946,kmeans,1000
925,36.97735189655867,-121.90048095771057,kmeans,1000
926,34.33373572468036,-119.40088828819022,kmeans,1000
927,36.93709914697402,-121.39950360485082,kmeans,1000
928,38.698162003667434,-121.78632483218799,kmeans,1000
929,39.28868092490502,-122.02234906681498,kmeans,1000
930,35.60099382920391,-119.20675763631918,kmeans,1000
931,34.392133896763305,-117.40602357391765,kmeans,1000
932,34.42873056770888,-119.25683120200782,kmeans,1000
933,34.478525865490155,-118.62252083500405,kmeans,1000
934,37.19523710798722,-122.15075298689936,kmeans,1000
935,39.16082971228075,-122.2265178836577,kmeans,1000
936,36.47024387510403,-121.77788316890306,kmeans,1000
937,37.72503737997315,-122.17995681134099,kmeans,1000
938,34.870786088299106,-117.1008259450266,kmeans,1000
939,37.23761494987753,-121.78971412958582,kmeans,1000
940,35.58866398124645,-119.40553671155165,kmeans,1000
941,36.388716727094675,-119.20679821414272,kmeans,1000
942,38.10854124538245,-122.56709327410988,kmeans,1000
943,35.2313148064929,-118.57546445042588,kmeans,1000
944,37.61847800121468,-121.30991358387384,kmeans,1000
945,33.29984915653672,-117.19105713600248,kmeans,1000
946,35.14275079694366,-119.46206721893549,kmeans,1000
947,34.09346317899199,-118.28652948967286,kmeans,1000
948,34.48319589872145,-118.30367384902864,kmeans,1000
949,38.314651106176505,-121.59199001556699,kmeans,1000
950,37.49525635448205,-121.92906718996622,kmeans,1000
951,39.280351239403416,-120.69172462992707,kmeans,1000
952,36.89503903510537,-121.40687807594921,kmeans,1000
953,34.59703015974277,-117.8950194129639,kmeans,1000
954,34.35557988439116,-119.41224020995514,kmeans,1000
955,36.521163048319,-119.80707354161612,kmeans,1000
956,38.78619497756344,-120.20175697081002,kmeans,1000
957,33.78606282939173,-118.05692221275869,kmeans,1000
958,37.59889925142561,-122.42049846370067,kmeans,1000
959,35.12548170657903,-118.48655353775412,kmeans,1000
960,36.78093705219361,-119.7951393888882,kmeans,1000
961,33.82386330855923,-117.37368421081896,kmeans,1000
962,34.21664847991761,-117.86711745842265,kmeans,1000
963,37.7729979330327,-121.12144433410411,kmeans,1000
964,37.4964830859633,-121.1845508864666,kmeans,1000
965,33.91985237158177,-117.41328628694576,kmeans,1000
966,38.508768732096385,-121.98223967671298,kmeans,1000
967,41.31399014104385,-124.04225093664833,kmeans,1000
968,38.406199738870185,-122.88994645553603,kmeans,1000
969,37.99043593129202,-122.52654938194733,kmeans,1000
970,38.62584952259849,-121.97413909102565,kmeans,1000
971,38.40854906840436,-122.71640477710257,kmeans,1000
972,37.02925520427963,-120.1695311460126,kmeans,1000
973,36.70821922905009,-119.5949263107323,kmeans,1000
974,34.68587901504622,-118.1901097381096,kmeans,1000
975,37.40775286587114,-122.09005288865323,kmeans,1000
976,34.17899522316748,-118.39675400129336,kmeans,1000
977,38.695025937651614,-122.43756868410311,kmeans,1000
978,36.70119286278208,-121.67883460622497,kmeans,1000
979,35.495334318233425,-117.66813378011673,kmeans,1000
980,36.11980172537439,-118.81639557147581,kmeans,1000
981,38.83179557245809,-120.04362481577344,kmeans,1000
982,38.48892863986166,-122.89185528557884,kmeans,1000
983,38.82753045920568,-123.03524779690467,kmeans,1000
984,36.10115215052624,-120.1055848799182,kmeans,1000
985,32.78729798140471,-116.91534355457529,kmeans,1000
986,36.51710698450881,-119.28796112269725,kmeans,1000
987,36.136383939916655,-120.37219249331777,kmeans,1000
988,33.627974845111005,-117.40999118285748,kmeans,1000
989,35.2039136238983,-120.61089087047462,kmeans,1000
990,40.919041698975214,-123.60920974884665,kmeans,1000
991,38.2835337793203,-120.30425690713653,kmeans,1000
992,35.220344546437985,-119.07224006507015,kmeans,1000
993,38.88817727186902,-123.21872659283164,kmeans,1000
994,36.176401219322614,-121.09787089882404,kmeans,1000
995,41.0143942310306,-121.59313172451863,kmeans,1000
996,38.50101464642248,-121.79108526342678,kmeans,1000
997,37.89828584144758,-121.4616861509857,kmeans,1000
998,39.72242977761397,-121.89090804299839,kmeans,1000
999,36.91566009245063,-120.01444963445371,kmeans,1000
