cell_id,glat,glng,lat,lng,count,weight
0,32.5,-117.0,32.545532415730335,-117.03464658426967,89,241
1,32.6,-117.10000000000001,32.60610768040907,-117.08413052589577,2535,5779
2,32.6,-117.0,32.59336674331551,-117.03175452673798,374,946
3,32.6,-116.9,32.585587133333334,-116.9360223,30,64
4,32.6,-116.80000000000001,32.63196704347826,-116.76999952173912,23,55
5,32.7,-117.30000000000001,32.735398152,-117.253653938,45,90
6,32.7,-117.2,32.72883362305503,-117.1695665835538,4814,10448
7,32.7,-117.10000000000001,32.70337668874074,-117.10876443277652,16062,35217
8,32.7,-117.0,32.72092732737276,-117.00685625722146,727,1491
9,32.7,-116.9,32.73126521985815,-116.91420112056737,141,288
10,32.7,-116.80000000000001,32.68261041935484,-116.81219841935484,31,66
11,32.7,-114.60000000000001,32.73537042324842,-114.62367724428488,133,277
12,32.800000000000004,-117.30000000000001,32.81880032140347,-117.26268783469509,242,482
13,32.800000000000004,-117.2,32.7898033486076,-117.18765990989533,12078,26895
14,32.800000000000004,-117.10000000000001,32.78937008247496,-117.11562133895805,11598,26208
15,32.800000000000004,-117.0,32.791652053357865,-116.99556422079117,1087,2544
16,32.800000000000004,-116.9,32.80697260095012,-116.92151730878861,421,1008
17,32.800000000000004,-116.80000000000001,32.82992052380953,-116.78848571428571,84,190
18,32.800000000000004,-116.7,32.82635916,-116.7013902,25,62
19,32.800000000000004,-116.60000000000001,32.8278262,-116.62589885,20,53
20,32.800000000000004,-114.60000000000001,32.76791640425532,-114.60595663829788,47,94
21,32.9,-117.30000000000001,32.89796702865826,-117.25551894658915,59,118
22,32.9,-117.2,32.89344210691625,-117.21608055741169,5375,12227
23,32.9,-117.10000000000001,32.902885733595014,-117.113422238248,3608,8211
24,32.9,-117.0,32.869860280000005,-116.99339368,25,50
25,32.9,-116.9,32.875274306201554,-116.92136079069768,258,523
26,32.9,-116.80000000000001,32.8645616,-116.82380524,25,63
27,33.0,-117.30000000000001,33.01036486703494,-117.26673511579831,3281,7734
28,33.0,-117.2,32.984235094535684,-117.21904806955573,1892,4056
29,33.0,-117.10000000000001,32.995808472473314,-117.09207466059969,3718,8241
30,33.0,-117.0,32.978493780821914,-116.9661377260274,73,158
31,33.0,-116.9,33.0285848125,-116.88658594374999,160,338
32,33.0,-116.80000000000001,33.00130784126984,-116.82522768253968,63,126
33,33.0,-116.60000000000001,33.01328991304348,-116.57732617391305,23,48
34,33.1,-117.30000000000001,33.099606415957865,-117.30889173182548,3744,8676
35,33.1,-117.2,33.13459243661609,-117.17915719625006,1592,3223
36,33.1,-117.10000000000001,33.11057240741557,-117.09936830098289,6229,13725
37,33.1,-117.0,33.091756076923076,-117.02164928205129,39,85
38,33.1,-116.9,33.06837097297297,-116.8842765945946,37,97
39,33.1,-116.80000000000001,33.07165996296297,-116.81280318518519,27,54
40,33.1,-116.7,33.0848933,-116.70753625,20,41
41,33.1,-116.60000000000001,33.08160191891891,-116.6045572972973,37,75
42,33.2,-117.4,33.19778998498795,-117.37190968276984,2677,6202
43,33.2,-117.30000000000001,33.18101591680745,-117.31282756913511,2944,6159
44,33.2,-117.2,33.185317059730096,-117.21341791645231,2950,5999
45,33.2,-117.10000000000001,33.189727552915016,-117.11690262627305,1147,2476
46,33.2,-117.0,33.216354447916665,-117.00521809375,96,199
47,33.300000000000004,-117.5,33.305835980051164,-117.47195934565545,605,1407
48,33.300000000000004,-117.4,33.267372269552595,-117.43578031373589,416,925
49,33.300000000000004,-117.30000000000001,33.288354110575135,-117.28334069535678,54,106
50,33.300000000000004,-117.2,33.29984915653674,-117.19105713600248,2942,6291
51,33.300000000000004,-117.10000000000001,33.29328196700499,-117.12383090818354,610,1295
52,33.300000000000004,-117.0,33.3031727012987,-116.9942521038961,77,160
53,33.300000000000004,-116.9,33.29884779310345,-116.90863458620689,29,64
54,33.4,-117.60000000000001,33.4112576908068,-117.60107127093997,1715,4055
55,33.4,-117.5,33.361096506544065,-117.53797592651007,285,614
56,33.4,-117.30000000000001,33.38041879549554,-117.256949424035,703,1404
57,33.4,-117.2,33.38568285467537,-117.1960637261134,2081,4381
58,33.4,-117.10000000000001,33.41209706060496,-117.11880548245797,1283,2846
59,33.4,-116.9,33.44276169230769,-116.86670369230768,26,52
60,33.5,-117.80000000000001,33.541228875,-117.78157520833334,24,51
61,33.5,-117.7,33.50202701385752,-117.67024972336417,3053,6948
62,33.5,-117.60000000000001,33.52024310617489,-117.61429221033487,916,1883
63,33.5,-117.5,33.53666109371724,-117.54935246644528,64,131
64,33.5,-117.30000000000001,33.50614398627744,-117.28790383280817,155,310
65,33.5,-117.2,33.519425717001475,-117.16555622137344,2425,5662
66,33.5,-117.10000000000001,33.487549226772984,-117.13011059125927,2137,4816
67,33.5,-117.0,33.498682625,-117.00897615625,32,66
68,33.5,-116.9,33.47754808,-116.9052152,25,66
69,33.5,-114.60000000000001,33.5160159,-114.59941940000002,20,40
70,33.6,-117.9,33.63504496895341,-117.89340241054077,787,1589
71,33.6,-117.80000000000001,33.61140426271762,-117.78310438669506,659,1363
72,33.6,-117.7,33.60113414857968,-117.6957434674352,8330,18922
73,33.6,-117.60000000000001,33.589123683093725,-117.62191204585056,1231,2472
74,33.6,-117.5,33.588376635666606,-117.50097030013123,450,951
75,33.6,-117.4,33.627974845111005,-117.40999118285747,551,1129
76,33.6,-117.30000000000001,33.62214357705646,-117.29476749328803,776,1650
77,33.6,-117.2,33.588364577713826,-117.19013848680588,2829,6380
78,33.6,-117.10000000000001,33.59044174887594,-117.11824976810583,1586,3190
79,33.6,-114.60000000000001,33.60667404403405,-114.6005999678331,208,429
80,33.6,-114.5,33.60552751989437,-114.53415495827113,141,311
81,33.7,-118.30000000000001,33.74563719541774,-118.2855326030773,656,1450
82,33.7,-118.0,33.72690729492112,-117.98141018853602,4790,11297
83,33.7,-117.9,33.68759616571216,-117.88694867921605,9821,21583
84,33.7,-117.80000000000001,33.70831603647563,-117.80808590052104,12942,29787
85,33.7,-117.7,33.67770313551293,-117.71811785549455,1121,2433
86,33.7,-117.60000000000001,33.68039125091867,-117.61689018053006,450,905
87,33.7,-117.5,33.747288891566264,-117.45398125301205,166,387
88,33.7,-117.4,33.71230524270389,-117.39815826063537,1685,3667
89,33.7,-117.30000000000001,33.69024863412961,-117.31296880354472,1644,3585
90,33.7,-117.2,33.7015614877813,-117.17986470751741,1199,2728
91,33.7,-117.10000000000001,33.72215535100858,-117.09691472568981,1785,3602
92,33.7,-117.0,33.724392515151514,-116.98441918181818,33,66
93,33.7,-116.9,33.73895829508197,-116.92168092622951,122,246
94,33.7,-116.80000000000001,33.718222555555556,-116.78949866666666,27,54
95,33.7,-116.7,33.72723008333333,-116.72032283333333,24,52
96,33.7,-116.30000000000001,33.742572634615385,-116.28542625,52,120
97,33.7,-116.2,33.719803681818185,-116.19568613636365,22,53
98,33.7,-114.60000000000001,33.67288374832659,-114.57967096122343,33,66
99,33.800000000000004,-118.4,33.79167175325494,-118.36071298303126,126,283
100,33.800000000000004,-118.30000000000001,33.81884541817958,-118.28333591682068,8208,18443
101,33.800000000000004,-118.2,33.81712878490943,-118.20238848179275,11887,28274
102,33.800000000000004,-118.10000000000001,33.79681149656432,-118.09636100471363,9891,23632
103,33.800000000000004,-118.0,33.78065620049525,-117.99874474142814,6213,13479
104,33.800000000000004,-117.9,33.7923224962731,-117.88913771026246,17001,36510
105,33.800000000000004,-117.80000000000001,33.7943980028494,-117.82872085833395,6729,13754
106,33.800000000000004,-117.7,33.791566553747614,-117.73053342266596,381,772
107,33.800000000000004,-117.5,33.80659781812685,-117.50490442102569,3899,8817
108,33.800000000000004,-117.4,33.823863308559226,-117.37368421081891,410,829
109,33.800000000000004,-117.30000000000001,33.81857725062815,-117.28085150382311,2008,4121
110,33.800000000000004,-117.2,33.79898795339767,-117.21504057943069,2460,5419
111,33.800000000000004,-117.10000000000001,33.81468355517826,-117.11722397163084,675,1367
112,33.800000000000004,-117.0,33.82705427118644,-116.99873422033899,59,123
113,33.800000000000004,-116.9,33.76729075,-116.91060828571428,28,57
114,33.800000000000004,-116.5,33.84213919047619,-116.47187147619049,21,57
115,33.800000000000004,-116.4,33.80554899401198,-116.38698683832335,167,415
116,33.800000000000004,-116.30000000000001,33.765399227272724,-116.30661690909092,132,334
117,33.9,-118.4,33.92100499609652,-118.3680870305356,10646,24754
118,33.9,-118.30000000000001,33.90443531857109,-118.29329635027602,31483,71010
119,33.9,-118.2,33.90251494173033,-118.19743151003925,25052,55813
120,33.9,-118.10000000000001,33.90456340043896,-118.09918095066158,24812,56969
121,33.9,-118.0,33.88379398308072,-118.01271209839825,12648,26787
122,33.9,-117.9,33.88618022371379,-117.89148943480234,10119,20543
123,33.9,-117.80000000000001,33.8589189298107,-117.79636481582192,4170,8500
124,33.9,-117.7,33.87703573939279,-117.69604946344738,6244,12703
125,33.9,-117.60000000000001,33.89001976875867,-117.5906988941363,6683,14045
126,33.9,-117.5,33.888004532931625,-117.50419105595483,7840,16412
127,33.9,-117.4,33.919852371581776,-117.41328628694576,4160,8385
128,33.9,-117.30000000000001,33.917446362365105,-117.28262418350454,7509,16359
129,33.9,-117.2,33.93695358064026,-117.21400714816784,2002,4056
130,33.9,-117.10000000000001,33.92987778702813,-117.10962555936159,1593,3240
131,33.9,-117.0,33.923871125,-116.99360257500001,200,501
132,33.9,-116.9,33.92384055769231,-116.90540472115384,104,297
133,33.9,-116.80000000000001,33.9198573150685,-116.80318475342467,146,386
134,33.9,-116.7,33.922802879310346,-116.68461255172414,58,158
135,33.9,-116.60000000000001,33.91369730769231,-116.61238213186815,91,234
136,33.9,-116.5,33.902786524271846,-116.50970473786408,103,260
137,33.9,-114.5,33.90718504219385,-114.53255581737749,24,50
138,34.0,-118.9,34.04440985106383,-118.92233537234043,94,199
139,34.0,-118.80000000000001,34.0281099522807,-118.79882905736841,114,248
140,34.0,-118.7,34.03760281512328,-118.69818545802406,135,313
141,34.0,-118.60000000000001,34.040436485790494,-118.58382608459705,854,1815
142,34.0,-118.5,34.01880277720149,-118.47363969148367,3926,8740
143,34.0,-118.4,34.00966582781624,-118.40331221879525,24470,57608
144,34.0,-118.30000000000001,34.011984815691875,-118.28550611816041,30778,70134
145,34.0,-118.2,34.011912919227996,-118.19692455965652,38829,84969
146,34.0,-118.10000000000001,33.99712266030868,-118.09615137499647,21340,47243
147,34.0,-118.0,34.02239165917724,-118.00274739717277,13162,27653
148,34.0,-117.9,33.995438932374206,-117.90500149794552,12778,25783
149,34.0,-117.80000000000001,34.01164104906881,-117.81390868047501,10931,22162
150,34.0,-117.7,34.023286149470586,-117.70653283520392,7528,15295
151,34.0,-117.60000000000001,34.02512016295492,-117.58011993184633,7725,16398
152,34.0,-117.5,34.00681482112579,-117.52018866119376,3674,7886
153,34.0,-117.4,33.99608928668617,-117.37962055234708,9372,19623
154,34.0,-117.30000000000001,33.99777668585015,-117.32597326971523,11626,26693
155,34.0,-117.2,34.01550399674823,-117.17940621100581,922,1988
156,34.0,-117.10000000000001,34.01884264985146,-117.10369354361276,2454,5625
157,34.0,-117.0,33.97265806349206,-117.01528988888889,63,158
158,34.0,-116.60000000000001,34.014758576271184,-116.58069949152542,59,121
159,34.0,-114.5,33.99705742725546,-114.49848530233716,35,70
160,34.1,-119.2,34.14721608726084,-119.16783153422752,28,56
161,34.1,-119.10000000000001,34.12366481166478,-119.09552162236078,338,697
162,34.1,-119.0,34.065593289034126,-118.99296390341595,278,571
163,34.1,-118.9,34.1022208290553,-118.87743923403185,230,462
164,34.1,-118.80000000000001,34.12911709792389,-118.78633328710916,1106,2246
165,34.1,-118.7,34.12969146932094,-118.7082990728554,1980,4075
166,34.1,-118.60000000000001,34.10383844769299,-118.60779094150864,744,1528
167,34.1,-118.5,34.09607813762996,-118.46874816042671,7893,18843
168,34.1,-118.4,34.12352246191828,-118.37677502321453,3034,6228
169,34.1,-118.30000000000001,34.093463178992,-118.28652948967287,17474,37219
170,34.1,-118.2,34.07821179836443,-118.21375700806922,26444,58548
171,34.1,-118.10000000000001,34.083937210191266,-118.09228995052568,8200,19245
172,34.1,-118.0,34.093150278219845,-117.9970342684327,20987,49588
173,34.1,-117.9,34.09912394601303,-117.9029727378189,14109,32722
174,34.1,-117.80000000000001,34.08762985021037,-117.80939928768589,12789,29248
175,34.1,-117.7,34.095228832361656,-117.6958365829833,9800,21993
176,34.1,-117.60000000000001,34.089283600946985,-117.59653926128323,10785,24094
177,34.1,-117.5,34.09101358896904,-117.51214482784911,13714,30371
178,34.1,-117.4,34.08585396459636,-117.40153367949208,7674,16526
179,34.1,-117.30000000000001,34.096049760198746,-117.29720902816194,14501,32285
180,34.1,-117.2,34.088341047416456,-117.21133892850935,6219,13601
181,34.1,-117.10000000000001,34.070827141184765,-117.11777623700269,521,1045
182,34.1,-117.0,34.09021153571429,-116.99516171428571,28,60
183,34.1,-116.4,34.130743045454544,-116.38446840909091,22,47
184,34.1,-116.30000000000001,34.13348754166667,-116.311757,24,48
185,34.1,-114.4,34.128642827586205,-114.37776844827586,29,58
186,34.2,-119.30000000000001,34.22181962988796,-119.25423600078923,67,134
187,34.2,-119.2,34.22734702386605,-119.18159703929307,1586,3191
188,34.2,-119.10000000000001,34.209612535988484,-119.10344546224688,2364,4758
189,34.2,-119.0,34.20789759346027,-119.00622707862489,1460,2953
190,34.2,-118.9,34.18767749529863,-118.89440069117458,2329,4695
191,34.2,-118.80000000000001,34.18627112548975,-118.82603289286772,1135,2292
192,34.2,-118.7,34.15852901048253,-118.66432068477407,735,1496
193,34.2,-118.60000000000001,34.17193219198575,-118.59606544227813,4128,8390
194,34.2,-118.5,34.18111288717527,-118.48046000390823,16453,36836
195,34.2,-118.4,34.187849616007604,-118.4003238788595,15593,33475
196,34.2,-118.30000000000001,34.172145883607435,-118.30345940176453,12236,27471
197,34.2,-118.2,34.1920404496497,-118.23559547009485,2606,5664
198,34.2,-118.10000000000001,34.150398714285714,-118.06113767857143,28,59
199,34.2,-117.9,34.191882593741695,-117.87809722702474,368,761
200,34.2,-117.80000000000001,34.19354488432517,-117.82360431361589,128,257
201,34.2,-117.7,34.18404969119392,-117.67036318713824,217,438
202,34.2,-117.5,34.16553421478908,-117.46709182442595,732,1618
203,34.2,-117.4,34.21320351984512,-117.41247116365297,4825,10935
204,34.2,-117.30000000000001,34.195828690848415,-117.30591967312861,2870,6081
205,34.2,-117.2,34.21643704952153,-117.1948790187363,1324,2738
206,34.2,-117.10000000000001,34.208575158366,-117.112015650445,932,1914
207,34.2,-117.0,34.21940623636363,-116.99974139999999,55,112
208,34.2,-116.80000000000001,34.205236407407405,-116.79935266666668,27,55
209,34.2,-114.60000000000001,34.191035813161335,-114.58743040338852,106,221
210,34.2,-114.4,34.172268419711536,-114.38618295792449,32,64
211,34.2,-114.30000000000001,34.16301645161952,-114.30283357411469,24,48
212,34.300000000000004,-119.4,34.33373572468036,-119.4008882881902,461,923
213,34.300000000000004,-119.30000000000001,34.28474148128218,-119.29690351040082,1449,2917
214,34.300000000000004,-119.2,34.26775087336975,-119.2044881665481,1466,2952
215,34.300000000000004,-119.10000000000001,34.29950109670509,-119.10913858072513,1401,2843
216,34.300000000000004,-119.0,34.274742357380916,-118.99078995914422,586,1211
217,34.300000000000004,-118.9,34.286036216475054,-118.89272233663681,837,1721
218,34.300000000000004,-118.80000000000001,34.28400481962989,-118.80193662534859,720,1459
219,34.300000000000004,-118.7,34.27966791055346,-118.695244898899,829,1664
220,34.300000000000004,-118.60000000000001,34.272613648288676,-118.59354795240598,2314,4740
221,34.300000000000004,-118.5,34.29798596242577,-118.48838365448533,11795,27005
222,34.300000000000004,-118.4,34.27632573851346,-118.42178842158009,6436,14760
223,34.300000000000004,-118.30000000000001,34.269668057336084,-118.32844392489876,675,1569
224,34.300000000000004,-118.2,34.29005131093256,-118.18768529898944,154,308
225,34.300000000000004,-118.10000000000001,34.317107841538196,-118.11647159100008,176,367
226,34.300000000000004,-118.0,34.29743986111111,-118.01601274074073,108,219
227,34.300000000000004,-117.9,34.27661526638077,-117.86833118055333,39,78
228,34.300000000000004,-117.80000000000001,34.29556448540205,-117.83938595718251,117,234
229,34.300000000000004,-117.60000000000001,34.30698104776512,-117.62169687937656,45,90
230,34.300000000000004,-117.5,34.309384139599636,-117.46862432870904,3911,8940
231,34.300000000000004,-117.4,34.29648617492016,-117.4309684075493,550,1143
232,34.300000000000004,-117.30000000000001,34.28085413362277,-117.30491861587805,283,616
233,34.300000000000004,-117.2,34.26518872098629,-117.19188413166536,366,738
234,34.300000000000004,-116.9,34.26425271428572,-116.86974132142858,28,58
235,34.300000000000004,-116.80000000000001,34.28047001612904,-116.82830980645161,62,133
236,34.4,-120.0,34.445274568181816,-119.95621245454545,44,88
237,34.4,-119.9,34.42441431578453,-119.86626283550363,699,1406
238,34.4,-119.80000000000001,34.43869157115286,-119.79303316812076,1619,3259
239,34.4,-119.7,34.42366359900422,-119.70344612366824,1603,3222
240,34.4,-119.60000000000001,34.4214196311276,-119.60552622257808,1484,2987
241,34.4,-119.5,34.39550068589332,-119.50876196971477,1085,2201
242,34.4,-119.4,34.37190431789209,-119.42072365332918,337,682
243,34.4,-119.30000000000001,34.40337574400445,-119.29714534496009,964,1959
244,34.4,-119.2,34.43920076035836,-119.19814438821476,151,302
245,34.4,-119.10000000000001,34.409689599803585,-119.09776705268206,188,380
246,34.4,-119.0,34.37045397525273,-119.00402424517638,352,718
247,34.4,-118.9,34.38646118550269,-118.91532291940084,352,714
248,34.4,-118.80000000000001,34.40522341720549,-118.79999874954841,252,518
249,34.4,-118.7,34.41753841438978,-118.68321560236055,197,404
250,34.4,-118.60000000000001,34.40282461412871,-118.57867773113318,4133,9494
251,34.4,-118.5,34.38091032620662,-118.48866362459101,3109,6350
252,34.4,-118.4,34.42696509490931,-118.40627171857558,1772,3609
253,34.4,-118.30000000000001,34.43792568210235,-118.31010953411163,126,252
254,34.4,-118.2,34.44013460043127,-118.22246252610994,37,74
255,34.4,-118.10000000000001,34.40946927123591,-118.08918094859665,234,465
256,34.4,-117.9,34.371307741920276,-117.89701895686017,43,86
257,34.4,-117.80000000000001,34.39041049286504,-117.78208837646498,41,108
258,34.4,-117.7,34.39055315312333,-117.67775820892004,72,151
259,34.4,-117.60000000000001,34.41128274911614,-117.59542736792882,520,1056
260,34.4,-117.5,34.414133672985734,-117.49908259768681,215,443
261,34.4,-117.4,34.392133896763305,-117.40602357391766,2329,5242
262,34.4,-117.30000000000001,34.40881586585366,-117.31671240243902,82,168
263,34.4,-117.2,34.41643112975597,-117.20976546841726,163,324
264,34.4,-116.9,34.4172446,-116.90262744,25,56
265,34.5,-120.30000000000001,34.5211291884803,-120.30368599932244,55,115
266,34.5,-120.2,34.4996807112058,-120.21712491722836,693,1418
267,34.5,-120.10000000000001,34.46980924057286,-120.09288262809098,172,352
268,34.5,-120.0,34.46290717716329,-120.00384631000506,102,206
269,34.5,-119.9,34.53499554745625,-119.86809491114087,89,190
270,34.5,-119.80000000000001,34.480826607237525,-119.79475743409166,578,1184
271,34.5,-119.7,34.46694052355459,-119.70508011432895,76,152
272,34.5,-119.30000000000001,34.485143898755986,-119.28235666226391,197,396
273,34.5,-119.2,34.49920095237023,-119.22000027951464,76,152
274,34.5,-118.7,34.52254086666667,-118.65994799259259,135,291
275,34.5,-118.60000000000001,34.48124578449005,-118.61981396911686,1864,4235
276,34.5,-118.5,34.48098553102415,-118.50311604835062,419,838
277,34.5,-118.4,34.485941318200204,-118.40140753430154,290,590
278,34.5,-118.30000000000001,34.483195898721455,-118.30367384902866,1694,3490
279,34.5,-118.2,34.49315334423458,-118.19818136118705,1574,3185
280,34.5,-118.10000000000001,34.50749006147327,-118.11762890709323,1630,3325
281,34.5,-118.0,34.52653233620381,-117.99134387018347,579,1183
282,34.5,-117.9,34.51018646639225,-117.9112417488768,234,482
283,34.5,-117.80000000000001,34.512557875261145,-117.81988324875998,132,278
284,34.5,-117.7,34.482138817898594,-117.70643831264773,200,421
285,34.5,-117.60000000000001,34.48934425,-117.58265918243244,148,301
286,34.5,-117.5,34.49312260647103,-117.4960348256249,99,198
287,34.5,-117.4,34.486150625381384,-117.38606825217397,287,600
288,34.5,-117.30000000000001,34.49404043909541,-117.32023210488144,1139,2507
289,34.5,-117.2,34.4930286356,-117.1838286484,50,101
290,34.5,-117.10000000000001,34.47838199538731,-117.11561016235017,80,160
291,34.6,-120.5,34.6311175645308,-120.48767509599294,43,86
292,34.6,-120.4,34.606758266494595,-120.41083250894604,142,298
293,34.6,-120.30000000000001,34.6266904092452,-120.28619508576516,44,88
294,34.6,-120.2,34.602487171122974,-120.18787860530577,261,525
295,34.6,-120.10000000000001,34.6133550042461,-120.08784545972617,443,895
296,34.6,-120.0,34.5842273167033,-119.98814601020145,138,292
297,34.6,-119.9,34.561680844454024,-119.92813028295619,59,138
298,34.6,-119.4,34.629747724100575,-119.37147543420208,36,72
299,34.6,-119.30000000000001,34.57735886674516,-119.27781437113339,37,73
300,34.6,-118.80000000000001,34.64832690909091,-118.752906,22,45
301,34.6,-118.7,34.57980925065922,-118.69580295194163,768,1744
302,34.6,-118.5,34.572954776996035,-118.49120766796545,47,94
303,34.6,-118.4,34.60509126849479,-118.39058857288614,249,497
304,34.6,-118.30000000000001,34.607719136076504,-118.28524984537925,183,368
305,34.6,-118.2,34.62937039948012,-118.17843376908151,983,1986
306,34.6,-118.10000000000001,34.58444255177004,-118.13250579996631,1432,2915
307,34.6,-118.0,34.591900971588316,-117.99578151695562,393,786
308,34.6,-117.9,34.583162597974166,-117.91100412096519,212,429
309,34.6,-117.80000000000001,34.60748777882486,-117.82635656759572,266,543
310,34.6,-117.7,34.60144233333334,-117.69598648148148,27,54
311,34.6,-117.60000000000001,34.59562333481657,-117.60741544365973,49,98
312,34.6,-117.4,34.59354367699633,-117.41742316960998,34,70
313,34.6,-117.30000000000001,34.58975035695416,-117.29132557521432,204,442
314,34.6,-117.2,34.63064210593448,-117.21539752989247,148,322
315,34.6,-114.60000000000001,34.584036062209634,-114.63969112344633,51,104
316,34.7,-120.5,34.69848307895944,-120.47915879663104,253,514
317,34.7,-120.4,34.68227706117393,-120.42243451406956,231,465
318,34.7,-120.30000000000001,34.72781000246073,-120.28539887034508,133,266
319,34.7,-120.2,34.697541469043486,-120.18091365707869,197,393
320,34.7,-120.10000000000001,34.67044466881067,-120.11468379922306,140,279
321,34.7,-119.4,34.69750959757505,-119.37413252058727,39,78
322,34.7,-118.80000000000001,34.690883229579484,-118.7803687900029,602,1421
323,34.7,-118.5,34.685996925,-118.47010707500002,40,80
324,34.7,-118.4,34.67422581409203,-118.3918796758332,84,169
325,34.7,-118.30000000000001,34.70562180609443,-118.29444555521953,163,326
326,34.7,-118.2,34.68359440926033,-118.17803615586564,998,2024
327,34.7,-118.10000000000001,34.70564527820378,-118.118345632609,271,556
328,34.7,-118.0,34.69868933295829,-118.00224780500837,156,318
329,34.7,-117.9,34.69648452559095,-117.90116855201767,108,222
330,34.7,-117.80000000000001,34.688765394156896,-117.81137364497347,74,153
331,34.7,-117.7,34.69199428125,-117.706911625,32,64
332,34.7,-117.5,34.72443201897209,-117.4615791761394,21,44
333,34.7,-117.4,34.72006474152066,-117.3832046804951,30,60
334,34.7,-117.30000000000001,34.725346488168356,-117.33273391291769,88,178
335,34.7,-117.2,34.697588025280325,-117.20392746508941,111,235
336,34.7,-114.60000000000001,34.72124072898438,-114.58878539896317,73,152
337,34.7,-114.5,34.72407104213272,-114.52861580791469,73,160
338,34.800000000000004,-120.5,34.78502774041565,-120.50029682073358,181,373
339,34.800000000000004,-120.4,34.79508295437117,-120.42034197856307,196,393
340,34.800000000000004,-120.30000000000001,34.78704581735749,-120.32204168791698,141,283
341,34.800000000000004,-119.10000000000001,34.837955015252454,-119.09346878794443,38,75
342,34.800000000000004,-119.0,34.81767218514145,-118.99135783324051,91,182
343,34.800000000000004,-118.9,34.818463778760346,-118.87589974705025,647,1431
344,34.800000000000004,-118.80000000000001,34.77088042658488,-118.807489647706,485,1106
345,34.800000000000004,-118.7,34.77313888991397,-118.7033751066864,48,103
346,34.800000000000004,-118.60000000000001,34.77947572739726,-118.59837460575343,73,152
347,34.800000000000004,-118.5,34.77428036764706,-118.50312094117646,68,140
348,34.800000000000004,-118.4,34.77816472941176,-118.40487603529411,85,187
349,34.800000000000004,-118.30000000000001,34.78329653558878,-118.29168728968021,162,336
350,34.800000000000004,-118.2,34.80263048094934,-118.17716148277349,515,1057
351,34.800000000000004,-118.10000000000001,34.765193691982,-118.11823899193357,78,166
352,34.800000000000004,-118.0,34.76323292307693,-117.99799161538462,26,56
353,34.800000000000004,-117.5,34.80120038901977,-117.48711548267455,23,50
354,34.800000000000004,-117.30000000000001,34.76975645454545,-117.30736978181817,55,110
355,34.800000000000004,-117.2,34.77428042905575,-117.1742558146734,178,399
356,34.800000000000004,-117.10000000000001,34.814446314879106,-117.10126809137121,258,565
357,34.800000000000004,-114.60000000000001,34.8014134614008,-114.59212499757123,185,397
358,34.9,-120.60000000000001,34.93102162065311,-120.57387226038254,34,67
359,34.9,-120.5,34.89599667039597,-120.48871766953292,308,630
360,34.9,-120.4,34.89296630254989,-120.41937453231687,1525,3059
361,34.9,-120.30000000000001,34.88694530171534,-120.31718241114393,130,258
362,34.9,-119.7,34.94551175609757,-119.6839424390244,41,82
363,34.9,-119.60000000000001,34.928239064516134,-119.60272867741935,31,62
364,34.9,-119.5,34.93369578131432,-119.48946584871629,48,101
365,34.9,-119.2,34.85258661904762,-119.16468942857144,21,42
366,34.9,-119.10000000000001,34.85210837939068,-119.12930100251623,30,60
367,34.9,-118.9,34.908832207175344,-118.91543375419761,774,1721
368,34.9,-118.30000000000001,34.89241796551724,-118.29285870689655,58,116
369,34.9,-118.2,34.87097320268873,-118.17549356627023,765,1532
370,34.9,-118.10000000000001,34.89597613920001,-118.14610038317416,33,66
371,34.9,-117.5,34.90418206181192,-117.51652895960974,38,80
372,34.9,-117.4,34.93670903182063,-117.37887080412446,29,58
373,34.9,-117.30000000000001,34.92366685149868,-117.30639871466387,51,102
374,34.9,-117.2,34.91944368510342,-117.191279426492,63,131
375,34.9,-117.10000000000001,34.87463105571958,-117.09295866423072,488,1024
376,34.9,-114.60000000000001,34.86249477560707,-114.63167501481934,51,102
377,35.0,-120.60000000000001,35.006985840807445,-120.56835286268858,275,555
378,35.0,-120.5,35.014535591561504,-120.49076727096725,1037,2081
379,35.0,-120.4,34.98286084675871,-120.42477571040098,674,1362
380,35.0,-120.30000000000001,35.02063601139946,-120.31757134159324,55,112
381,35.0,-120.2,35.02000441127438,-120.20638762872072,71,145
382,35.0,-119.80000000000001,34.99043332503408,-119.79711274536986,24,48
383,35.0,-119.7,34.9637921788087,-119.72541318858885,20,40
384,35.0,-119.4,34.98744019606389,-119.42956748770014,78,160
385,35.0,-119.0,35.01436737028272,-118.95611650143799,258,544
386,35.0,-118.9,34.987631862798175,-118.94046607430757,356,751
387,35.0,-118.30000000000001,34.99172141533308,-118.29258825819699,42,90
388,35.0,-118.2,35.01017594547355,-118.1698009840035,254,510
389,35.0,-118.10000000000001,35.02393939619517,-118.11506103382872,93,186
390,35.0,-118.0,35.018036171823105,-117.99760268716099,31,62
391,35.0,-117.9,35.01080238595541,-117.90270120887511,78,156
392,35.0,-117.80000000000001,35.007894582262686,-117.80737736327487,75,149
393,35.0,-117.7,35.00496819307337,-117.6974212681536,107,213
394,35.0,-117.60000000000001,35.005050965891854,-117.62315014740679,122,260
395,35.0,-117.5,34.99189218605148,-117.53838390910148,152,320
396,35.1,-120.60000000000001,35.114784439726904,-120.59963267759451,1181,2372
397,35.1,-120.5,35.078251776993596,-120.51881203826906,521,1053
398,35.1,-120.4,35.10723861904762,-120.40625152380952,21,42
399,35.1,-120.10000000000001,35.10433521395884,-120.09750328281835,45,94
400,35.1,-120.0,35.066349644220004,-119.97313031133014,29,58
401,35.1,-119.5,35.133592523255814,-119.46312455813954,172,344
402,35.1,-119.4,35.087961364605064,-119.39501810445907,111,227
403,35.1,-119.30000000000001,35.06868117442158,-119.31418206128001,68,135
404,35.1,-119.2,35.07710335365895,-119.21559877279645,35,70
405,35.1,-119.10000000000001,35.09631858045527,-119.10174080363595,133,268
406,35.1,-119.0,35.084070138282705,-118.9895306720118,708,1484
407,35.1,-118.9,35.103457028513546,-118.8968671333472,149,299
408,35.1,-118.60000000000001,35.1211033498128,-118.58201656167314,62,124
409,35.1,-118.5,35.12602090173082,-118.48944167304217,559,1139
410,35.1,-118.4,35.10952409768217,-118.40107848625418,275,567
411,35.1,-118.30000000000001,35.10640623498953,-118.30694217092405,200,409
412,35.1,-118.2,35.08217608644213,-118.18546067698601,314,638
413,35.1,-118.10000000000001,35.10453370844011,-118.13472863106844,166,338
414,35.1,-117.60000000000001,35.09829742021954,-117.57029804167543,24,48
415,35.2,-120.80000000000001,35.225517,-120.76356319047619,21,41
416,35.2,-120.7,35.19271730162742,-120.689115692072,842,1693
417,35.2,-120.60000000000001,35.2039136238983,-120.61089087047456,295,597
418,35.2,-120.5,35.17929564861004,-120.50802111519577,49,98
419,35.2,-120.4,35.19417976190476,-120.43282628571428,21,42
420,35.2,-119.60000000000001,35.234775310502,-119.58647340805666,34,72
421,35.2,-119.5,35.1612876750008,-119.46686085859201,183,365
422,35.2,-119.4,35.191208155360854,-119.42228841399726,155,312
423,35.2,-119.2,35.205705034368556,-119.17650002705821,109,233
424,35.2,-119.10000000000001,35.18547791318665,-119.10396536924563,246,514
425,35.2,-119.0,35.2085582802598,-119.00599975689305,482,973
426,35.2,-118.9,35.20897052400029,-118.8994757601162,351,725
427,35.2,-118.80000000000001,35.21328912220934,-118.81675969575228,165,348
428,35.2,-118.7,35.21356348613123,-118.72999267442745,31,62
429,35.2,-118.60000000000001,35.2313148064929,-118.57546445042588,277,568
430,35.2,-118.5,35.18845286004236,-118.51138319239028,244,497
431,35.2,-118.0,35.214100165608336,-118.00562640922789,26,52
432,35.2,-117.60000000000001,35.215934089493835,-117.60502981847561,30,61
433,35.300000000000004,-120.9,35.30719193997468,-120.85845444517741,22,44
434,35.300000000000004,-120.80000000000001,35.314021507224545,-120.81870600074728,365,728
435,35.300000000000004,-120.7,35.287737518783615,-120.68481873484495,658,1323
436,35.300000000000004,-120.60000000000001,35.32234135058555,-120.62900513756558,274,552
437,35.300000000000004,-119.60000000000001,35.3053322250408,-119.61993436412486,43,88
438,35.300000000000004,-119.5,35.30973754680064,-119.4679811652841,28,56
439,35.300000000000004,-119.30000000000001,35.29241744374103,-119.26580732488593,313,656
440,35.300000000000004,-119.2,35.271139997025465,-119.22329362158249,175,372
441,35.300000000000004,-119.10000000000001,35.286890167656814,-119.09513776238487,208,424
442,35.300000000000004,-119.0,35.31735448991463,-119.02080839550104,3303,6658
443,35.300000000000004,-118.9,35.28753314066152,-118.91088784306366,1173,2371
444,35.300000000000004,-118.80000000000001,35.31010659500823,-118.8147238610822,327,677
445,35.300000000000004,-118.7,35.27440555629229,-118.69232680299756,244,506
446,35.300000000000004,-118.60000000000001,35.27069629172253,-118.62511194591946,152,306
447,35.300000000000004,-118.0,35.30932154786752,-117.98817754167699,63,128
448,35.300000000000004,-117.60000000000001,35.285339085502905,-117.61102993095007,42,84
449,35.4,-120.9,35.421699019428175,-120.88000839584086,163,328
450,35.4,-120.80000000000001,35.397334319712265,-120.79402639533532,218,442
451,35.4,-120.60000000000001,35.39864519733707,-120.6234533950107,443,896
452,35.4,-120.5,35.41422313149617,-120.51701727415112,53,105
453,35.4,-119.7,35.41582732321016,-119.67765158421514,42,84
454,35.4,-119.5,35.41932052994717,-119.4782903813284,156,329
455,35.4,-119.4,35.40284960478543,-119.40088607377339,323,685
456,35.4,-119.30000000000001,35.391839809337824,-119.28800837325537,379,787
457,35.4,-119.2,35.389122805341565,-119.1851881446096,381,771
458,35.4,-119.10000000000001,35.40923288603428,-119.08116319959174,2955,5924
459,35.4,-119.0,35.38644723437028,-119.01282327977607,7697,15515
460,35.4,-118.9,35.37487429416097,-118.92647255359405,1771,3554
461,35.4,-118.80000000000001,35.42757796416337,-118.81066383347685,152,330
462,35.4,-118.0,35.408941386193504,-117.9798167035782,49,98
463,35.4,-117.7,35.425471412171966,-117.6711753025611,38,76
464,35.4,-117.60000000000001,35.36906683023121,-117.62225031131531,49,106
465,35.5,-121.10000000000001,35.546492,-121.08129942857143,28,56
466,35.5,-121.0,35.5093991140286,-121.01253167730498,91,182
467,35.5,-120.9,35.495937348081824,-120.8903194503307,74,146
468,35.5,-120.80000000000001,35.531762828789184,-120.81105211358606,64,128
469,35.5,-120.7,35.50629242592332,-120.69340001780975,657,1329
470,35.5,-120.60000000000001,35.50305029856323,-120.6146045397962,196,395
471,35.5,-120.5,35.51582427537475,-120.50974061543202,87,178
472,35.5,-120.4,35.4711227104475,-120.39922398295451,20,40
473,35.5,-119.7,35.49858555630732,-119.71656904862728,83,169
474,35.5,-119.60000000000001,35.51733892075847,-119.58210356263636,62,125
475,35.5,-119.5,35.48820229902675,-119.51159187139294,226,485
476,35.5,-119.4,35.50216480219067,-119.38100168511089,86,173
477,35.5,-119.30000000000001,35.50639695002777,-119.29921619101066,213,439
478,35.5,-119.2,35.508533154452,-119.17329165993159,351,708
479,35.5,-119.10000000000001,35.49011227715437,-119.08832333726994,171,367
480,35.5,-119.0,35.488999389833175,-119.0055812387859,49,98
481,35.5,-118.80000000000001,35.4664113125,-118.76580746875,32,67
482,35.5,-118.7,35.505696754981855,-118.69007740710227,133,308
483,35.5,-118.60000000000001,35.53694621365884,-118.62591676618698,59,125
484,35.5,-117.9,35.53154316367172,-117.93378847682352,23,46
485,35.5,-117.7,35.49551622795183,-117.66812586057085,30,61
486,35.6,-121.2,35.63725859090909,-121.1744859090909,22,44
487,35.6,-121.10000000000001,35.57109860840947,-121.09866663026132,290,582
488,35.6,-120.80000000000001,35.57658600369989,-120.7774392472288,105,210
489,35.6,-120.7,35.59420953825565,-120.69780042503068,841,1690
490,35.6,-120.60000000000001,35.594000584382705,-120.59967906805389,166,332
491,35.6,-120.5,35.57980198591161,-120.51546406742371,48,96
492,35.6,-120.4,35.623711807621746,-120.40414629259945,26,56
493,35.6,-119.9,35.615861736399445,-119.87870173964302,81,172
494,35.6,-119.80000000000001,35.58732998084677,-119.79030915636856,42,86
495,35.6,-119.7,35.61664202114133,-119.67081334556046,483,1026
496,35.6,-119.60000000000001,35.59975365451112,-119.61431557085571,132,279
497,35.6,-119.5,35.5911666137375,-119.49000545831674,74,148
498,35.6,-119.4,35.58863909783304,-119.40469684762681,121,255
499,35.6,-119.30000000000001,35.59356748667579,-119.31591017974048,271,575
500,35.6,-119.2,35.60099382920391,-119.20675763631918,447,900
501,35.6,-119.10000000000001,35.596358525357466,-119.09117507008013,56,124
502,35.6,-118.80000000000001,35.629295266388915,-118.81711583552955,25,50
503,35.6,-118.60000000000001,35.56974593103448,-118.59557548275862,29,58
504,35.6,-118.5,35.610556771375386,-118.48590718017223,291,596
505,35.6,-118.4,35.63983130487805,-118.39607114634146,82,171
506,35.6,-117.9,35.60694949783654,-117.90172518332544,64,138
507,35.6,-117.80000000000001,35.63389504900554,-117.79119450124814,75,150
508,35.6,-117.7,35.60002160649145,-117.70202522127062,113,226
509,35.7,-121.30000000000001,35.69018554545455,-121.28534381818181,22,44
510,35.7,-120.9,35.714781200000004,-120.87828418571428,70,140
511,35.7,-120.80000000000001,35.68909279809914,-120.79268020216453,82,164
512,35.7,-120.7,35.70412902485985,-120.69908237593869,314,626
513,35.7,-120.60000000000001,35.686012311674745,-120.60039736507152,133,268
514,35.7,-120.5,35.65780573631075,-120.507953582369,69,139
515,35.7,-120.4,35.661736389528876,-120.387673504277,79,172
516,35.7,-120.30000000000001,35.71704764640529,-120.30300024153371,153,317
517,35.7,-120.2,35.73324421511993,-120.20937071704026,32,68
518,35.7,-120.10000000000001,35.68288235073936,-120.10688091276458,40,79
519,35.7,-119.9,35.72162478042417,-119.91699994722805,37,74
520,35.7,-119.7,35.712386988133744,-119.7245849678914,316,693
521,35.7,-119.4,35.705925200342264,-119.39613257683202,36,71
522,35.7,-119.30000000000001,35.69913239673965,-119.30859197506065,140,279
523,35.7,-119.2,35.704040709630455,-119.22266880439224,454,913
524,35.7,-119.10000000000001,35.68494772430232,-119.08235877586635,75,158
525,35.7,-118.7,35.72321143052681,-118.7100356438772,33,66
526,35.7,-118.5,35.69604118147335,-118.47762520717794,161,328
527,35.7,-118.4,35.67692344700158,-118.4210479550462,88,199
528,35.7,-118.30000000000001,35.66449390891343,-118.29931609179123,54,112
529,35.7,-118.2,35.69887361117788,-118.20433770721111,37,74
530,35.7,-118.10000000000001,35.71934839719867,-118.0942998449559,28,56
531,35.7,-118.0,35.66327296722037,-118.02492418969997,61,122
532,35.7,-117.9,35.69834259388492,-117.86816480096412,34,69
533,35.7,-117.80000000000001,35.66446378681779,-117.79957189592008,84,172
534,35.7,-117.7,35.65176732663158,-117.71632009172286,44,88
535,35.7,-117.4,35.69167202815679,-117.39945306829993,24,50
536,35.800000000000004,-121.4,35.830324306362634,-121.38567701304926,43,87
537,35.800000000000004,-121.30000000000001,35.77958096567995,-121.330801906152,47,105
538,35.800000000000004,-120.9,35.77452705821902,-120.89565811970111,29,57
539,35.800000000000004,-120.80000000000001,35.82080678316312,-120.77079187091626,45,90
540,35.800000000000004,-120.7,35.77243366349242,-120.71158424500226,176,353
541,35.800000000000004,-120.2,35.775448603518264,-120.21851042437079,40,82
542,35.800000000000004,-120.10000000000001,35.80048195686839,-120.10702048144346,38,78
543,35.800000000000004,-120.0,35.78281329521872,-119.97911380223847,23,46
544,35.800000000000004,-119.80000000000001,35.79433819409948,-119.78599400777776,145,296
545,35.800000000000004,-119.4,35.798154289764256,-119.37829065634659,66,136
546,35.800000000000004,-119.30000000000001,35.79735956158783,-119.26328248391229,585,1183
547,35.800000000000004,-119.2,35.78327850337166,-119.21473891315176,279,566
548,35.800000000000004,-119.10000000000001,35.79391748592723,-119.08865944680824,285,583
549,35.800000000000004,-118.4,35.76253693798006,-118.42594220954471,58,116
550,35.800000000000004,-117.9,35.80084978530688,-117.87343457915475,47,95
551,35.800000000000004,-117.4,35.7697045483871,-117.37387716129032,31,62
552,35.9,-121.5,35.910373294451134,-121.4656179934441,35,70
553,35.9,-121.10000000000001,35.92726122350514,-121.08474626310287,23,45
554,35.9,-120.9,35.92471583928098,-120.88092695162968,58,119
555,35.9,-120.80000000000001,35.87167762401016,-120.82851630631875,85,177
556,35.9,-120.0,35.89718004577623,-120.0411913192636,75,156
557,35.9,-119.9,35.921124963064806,-119.89998644305447,148,331
558,35.9,-119.60000000000001,35.9265192451763,-119.59514259190898,39,78
559,35.9,-119.5,35.89290225979795,-119.49449827804739,32,64
560,35.9,-119.4,35.89470163794125,-119.40522530559022,57,115
561,35.9,-119.30000000000001,35.896491364373084,-119.27558379541199,588,1184
562,35.9,-119.2,35.89111496757233,-119.20024298241965,58,114
563,35.9,-119.10000000000001,35.89818712591772,-119.08752840326376,147,302
564,35.9,-119.0,35.93748893617021,-119.01609961702128,47,94
565,36.0,-121.5,36.000773661316714,-121.51354546645297,24,48
566,36.0,-121.2,35.997037303411034,-121.17957284024875,21,42
567,36.0,-120.9,35.99449326767472,-120.90624407062677,98,195
568,36.0,-120.0,35.99402785319089,-119.9652434985033,383,817
569,36.0,-119.9,35.95711873785989,-119.93503428213371,28,60
570,36.0,-119.60000000000001,36.01055529381803,-119.5923507644092,30,60
571,36.0,-119.5,36.007722997704555,-119.4905474505442,72,151
572,36.0,-119.4,36.00425416826049,-119.38673425843591,23,46
573,36.0,-119.30000000000001,35.98604970913545,-119.29548445707094,413,833
574,36.0,-119.2,35.99106962481682,-119.19584578762746,49,97
575,36.0,-119.10000000000001,35.993071526482744,-119.09602494725995,154,308
576,36.0,-119.0,36.0029668426594,-119.02057200202498,300,600
577,36.0,-118.9,36.036261072088706,-118.91165429231714,87,174
578,36.0,-118.80000000000001,36.026064105645055,-118.7991742954101,32,64
579,36.0,-117.9,36.02079689202967,-117.93843805985162,39,78
580,36.1,-121.60000000000001,36.09561940478745,-121.61672374722079,29,58
581,36.1,-121.10000000000001,36.116752818582235,-121.11876759128172,24,48
582,36.1,-121.0,36.10440305292833,-121.01258921070712,141,284
583,36.1,-120.5,36.086229910443684,-120.48986728986833,28,56
584,36.1,-120.4,36.12584755,-120.37940888749999,80,168
585,36.1,-120.30000000000001,36.1305657825,-120.29411950576923,52,104
586,36.1,-120.2,36.128885595849745,-120.17335223776432,200,429
587,36.1,-120.10000000000001,36.084790875536974,-120.09654809778455,249,542
588,36.1,-120.0,36.119409112431875,-120.02039326917445,40,79
589,36.1,-119.9,36.10625270880146,-119.9030689720345,46,98
590,36.1,-119.60000000000001,36.10443131724122,-119.58445107191402,188,374
591,36.1,-119.5,36.107460607622976,-119.52027063041166,140,282
592,36.1,-119.4,36.091582640215215,-119.38316637355116,65,131
593,36.1,-119.30000000000001,36.088643922672304,-119.31374239515176,458,921
594,36.1,-119.2,36.09077441766662,-119.20608857473285,151,306
595,36.1,-119.10000000000001,36.103519709899565,-119.09299593376335,566,1132
596,36.1,-119.0,36.07418248115666,-119.0146093882499,586,1177
597,36.1,-118.9,36.08152998268557,-118.88892616391692,89,186
598,36.1,-118.80000000000001,36.11980172537439,-118.81639557147581,82,164
599,36.2,-121.80000000000001,36.233098779220775,-121.7693581038961,77,165
600,36.2,-121.7,36.19368185774338,-121.71649192004843,44,90
601,36.2,-121.2,36.21263806034192,-121.16294983623071,110,224
602,36.2,-121.10000000000001,36.19884347943099,-121.11884324173084,498,1003
603,36.2,-120.80000000000001,36.188457997057604,-120.81145719884236,63,125
604,36.2,-120.7,36.1841794010455,-120.70201517311024,55,109
605,36.2,-120.4,36.177865319570586,-120.37039242059153,23,46
606,36.2,-120.30000000000001,36.21595160784314,-120.3141904117647,51,103
607,36.2,-120.2,36.19696019838023,-120.20569522785664,93,196
608,36.2,-120.10000000000001,36.20056889506966,-120.09825948905203,61,122
609,36.2,-120.0,36.18294047350612,-119.9835527902292,38,76
610,36.2,-119.9,36.19468321152399,-119.90339694770488,37,74
611,36.2,-119.80000000000001,36.212199449630184,-119.79512713855144,261,526
612,36.2,-119.7,36.21745487339775,-119.69751190003076,91,181
613,36.2,-119.60000000000001,36.21051586279574,-119.61107798620935,145,288
614,36.2,-119.5,36.19647164907662,-119.48782268094054,145,287
615,36.2,-119.4,36.20967432508998,-119.39209918522867,298,598
616,36.2,-119.30000000000001,36.20414253295699,-119.31864293276347,907,1824
617,36.2,-119.2,36.20455961026732,-119.20611870930131,217,438
618,36.2,-119.10000000000001,36.198653950949975,-119.10082046291318,488,977
619,36.2,-119.0,36.18015473913044,-119.02505673913043,46,92
620,36.300000000000004,-121.9,36.31942984048339,-121.88338671393514,77,154
621,36.300000000000004,-121.80000000000001,36.273337132582725,-121.8179845409251,74,148
622,36.300000000000004,-121.4,36.26475848477041,-121.40495817457018,27,54
623,36.300000000000004,-121.30000000000001,36.32122126201492,-121.27145315968617,178,356
624,36.300000000000004,-121.2,36.30796363276234,-121.21344815937195,332,668
625,36.300000000000004,-121.10000000000001,36.2636579447621,-121.13912855630977,28,56
626,36.300000000000004,-120.30000000000001,36.300673429497486,-120.27811040174743,179,407
627,36.300000000000004,-120.2,36.26376227422922,-120.23733713603994,235,521
628,36.300000000000004,-120.10000000000001,36.279872086634484,-120.10309081315683,62,129
629,36.300000000000004,-120.0,36.2636460977621,-120.00335700326742,26,53
630,36.300000000000004,-119.9,36.27609982252033,-119.88434945691868,156,312
631,36.300000000000004,-119.80000000000001,36.30175508053902,-119.79401682013963,484,971
632,36.300000000000004,-119.7,36.30953336376267,-119.69722185497666,786,1586
633,36.300000000000004,-119.60000000000001,36.31833571733185,-119.61130114248472,631,1273
634,36.300000000000004,-119.5,36.319331112413785,-119.4882175598946,197,396
635,36.300000000000004,-119.4,36.310687688597454,-119.39081046877445,1105,2216
636,36.300000000000004,-119.30000000000001,36.3135938393156,-119.303330759192,1660,4496
637,36.300000000000004,-119.2,36.30900711682166,-119.20544454230593,570,1140
638,36.300000000000004,-119.10000000000001,36.30411587637443,-119.11828260926558,480,962
639,36.300000000000004,-118.0,36.30619509068673,-118.01028873324708,35,71
640,36.4,-121.9,36.38936451236432,-121.90527787470954,147,299
641,36.4,-121.7,36.43032525454546,-121.67668685454545,55,109
642,36.4,-121.60000000000001,36.39712063727472,-121.58986224086493,37,73
643,36.4,-121.4,36.43786995153623,-121.3650426474653,105,207
644,36.4,-121.30000000000001,36.409382844970224,-121.31619892595472,467,941
645,36.4,-121.0,36.40033697858319,-121.00157175983355,30,60
646,36.4,-120.4,36.432992970500614,-120.39196416993467,233,510
647,36.4,-120.30000000000001,36.38157172727273,-120.32848645454546,44,91
648,36.4,-120.2,36.376796688642166,-120.19767265081883,23,46
649,36.4,-120.10000000000001,36.4190781875,-120.10997731249999,32,64
650,36.4,-120.0,36.422219326336965,-119.97939627428174,23,45
651,36.4,-119.9,36.41983216611154,-119.87326015222278,189,379
652,36.4,-119.80000000000001,36.412943467367256,-119.80118996068713,396,790
653,36.4,-119.7,36.39912000942842,-119.69298546983838,261,523
654,36.4,-119.60000000000001,36.3950419199021,-119.62181561921321,228,466
655,36.4,-119.5,36.42240631058843,-119.49343705092672,82,159
656,36.4,-119.4,36.36778170368315,-119.411596037868,357,719
657,36.4,-119.30000000000001,36.38483279604039,-119.29544639549745,447,1223
658,36.4,-119.2,36.388716727094675,-119.20679821414272,280,557
659,36.4,-119.10000000000001,36.394463454760675,-119.11283408181338,215,432
660,36.4,-119.0,36.39010218534174,-119.01311553720312,112,223
661,36.4,-118.9,36.42359687805381,-118.91634501022013,96,192
662,36.4,-117.30000000000001,36.38282124793867,-117.28302590006898,24,49
663,36.5,-121.9,36.52630934796039,-121.91345199611065,538,1075
664,36.5,-121.80000000000001,36.52090469374673,-121.78503529407851,196,392
665,36.5,-121.7,36.48156652941694,-121.72686483436931,185,368
666,36.5,-121.5,36.52306517761724,-121.46938253940377,212,424
667,36.5,-121.4,36.49027551138206,-121.41435425398214,462,920
668,36.5,-121.2,36.506027714285715,-121.18480409523809,21,42
669,36.5,-121.10000000000001,36.51072778787879,-121.11255236363635,33,69
670,36.5,-120.5,36.52971126033557,-120.48691016641466,124,283
671,36.5,-120.4,36.48565314360443,-120.4151121470712,47,101
672,36.5,-120.10000000000001,36.514155945945944,-120.09887835135136,37,72
673,36.5,-120.0,36.50490964370156,-119.98223187251038,31,62
674,36.5,-119.9,36.50300149009408,-119.88883097926528,67,132
675,36.5,-119.80000000000001,36.521163048319025,-119.80707354161615,419,839
676,36.5,-119.7,36.51477265863072,-119.69490586366184,171,341
677,36.5,-119.60000000000001,36.52519971392633,-119.59049456201357,1006,2022
678,36.5,-119.5,36.495043870258876,-119.5050398464242,743,1490
679,36.5,-119.4,36.50545256401003,-119.41059170516041,401,799
680,36.5,-119.30000000000001,36.51831387531907,-119.29376147652616,802,1682
681,36.5,-119.2,36.49341301452881,-119.20510577417767,70,142
682,36.5,-119.10000000000001,36.48899063246684,-119.1245836780713,46,94
683,36.5,-118.9,36.46032356044125,-118.8798421890155,36,72
684,36.6,-122.0,36.58026910344827,-121.95647062068966,87,174
685,36.6,-121.9,36.58517946205345,-121.89560365368402,1780,3591
686,36.6,-121.80000000000001,36.60429362173455,-121.81043606262587,786,1565
687,36.6,-121.7,36.6067874728047,-121.69894603543942,458,920
688,36.6,-121.60000000000001,36.6147675193457,-121.58541968573697,719,1457
689,36.6,-121.5,36.586509567725514,-121.52434643570325,532,1057
690,36.6,-121.2,36.57746174406893,-121.1888441564762,27,54
691,36.6,-120.60000000000001,36.61793712391169,-120.59916349732617,243,552
692,36.6,-120.5,36.56993188235294,-120.51224238235294,34,69
693,36.6,-120.4,36.5999964805258,-120.38644146393486,40,80
694,36.6,-120.30000000000001,36.63131182353467,-120.2718513839602,39,78
695,36.6,-120.2,36.62128718181818,-120.20282616666667,66,132
696,36.6,-120.10000000000001,36.60241711747641,-120.0828339700806,59,119
697,36.6,-120.0,36.62261495716466,-120.00056666220563,47,92
698,36.6,-119.9,36.60218383543219,-119.88602056939553,178,356
699,36.6,-119.80000000000001,36.60995643842287,-119.79203289620081,520,1031
700,36.6,-119.7,36.618242880494115,-119.68691966717753,1140,2293
701,36.6,-119.60000000000001,36.586950142960326,-119.6116095402456,1021,2047
702,36.6,-119.5,36.59968673799889,-119.50739340873507,398,796
703,36.6,-119.4,36.600197359448934,-119.4069922178004,493,993
704,36.6,-119.30000000000001,36.596729187238054,-119.3085981070606,360,719
705,36.6,-119.10000000000001,36.5805302526537,-119.11560596855097,20,40
706,36.6,-119.0,36.61393580952381,-119.0104851904762,21,42
707,36.6,-118.10000000000001,36.59872342986094,-118.06804566921801,108,216
708,36.7,-121.80000000000001,36.69267069188158,-121.79351935814839,686,1369
709,36.7,-121.7,36.701192862782094,-121.678834606225,1894,3790
710,36.7,-121.60000000000001,36.68584833402627,-121.62771004727587,1235,2491
711,36.7,-121.30000000000001,36.717294866428574,-121.28325322767857,56,112
712,36.7,-120.7,36.69683613308672,-120.66597920263726,113,252
713,36.7,-120.60000000000001,36.691822277382464,-120.58757800146084,28,56
714,36.7,-120.4,36.72424889079953,-120.38798272064885,115,228
715,36.7,-120.30000000000001,36.71290859450861,-120.30727791817117,57,112
716,36.7,-120.2,36.70815801820278,-120.189454410284,130,263
717,36.7,-120.10000000000001,36.718215154243545,-120.08231144394834,271,540
718,36.7,-120.0,36.72387445035387,-119.99362037096243,374,747
719,36.7,-119.9,36.7263837826688,-119.88373756422419,609,1208
720,36.7,-119.80000000000001,36.723341026634785,-119.79313006296836,4392,8820
721,36.7,-119.7,36.698080527873735,-119.71420070858007,1617,3230
722,36.7,-119.60000000000001,36.70813631276859,-119.59840775448133,827,1643
723,36.7,-119.5,36.71046581494891,-119.50059788342585,388,782
724,36.7,-119.4,36.69432658363912,-119.41639658029752,171,342
725,36.7,-119.30000000000001,36.698650331748944,-119.3031886481953,153,306
726,36.7,-119.2,36.71278531174134,-119.20985216270284,102,204
727,36.7,-119.10000000000001,36.71857465727794,-119.09133835415331,77,154
728,36.7,-119.0,36.71056673635989,-118.99528716856176,65,130
729,36.7,-118.10000000000001,36.70520512806055,-118.12517599991304,21,42
730,36.800000000000004,-121.80000000000001,36.786855229804345,-121.76816088356269,1006,1989
731,36.800000000000004,-121.7,36.78905454201739,-121.6916206597321,2232,4484
732,36.800000000000004,-121.60000000000001,36.80706568231403,-121.62507291490866,653,1314
733,36.800000000000004,-121.5,36.84034791926438,-121.49585511110392,492,1012
734,36.800000000000004,-121.4,36.82736720962876,-121.39089965177014,342,680
735,36.800000000000004,-121.30000000000001,36.787479763440864,-121.31363638709678,93,186
736,36.800000000000004,-120.80000000000001,36.83599393878533,-120.77103788550271,59,134
737,36.800000000000004,-120.7,36.778565026371794,-120.71953313901595,160,359
738,36.800000000000004,-120.5,36.82164908,-120.47869264,25,49
739,36.800000000000004,-120.4,36.798797962967015,-120.41691617058272,85,184
740,36.800000000000004,-120.2,36.80145925,-120.172279875,24,48
741,36.800000000000004,-120.10000000000001,36.79752735668199,-120.07792603626994,176,346
742,36.800000000000004,-120.0,36.794426556476346,-119.99542236217675,199,397
743,36.800000000000004,-119.9,36.79622944946673,-119.88977965439348,1381,2779
744,36.800000000000004,-119.80000000000001,36.7809370521936,-119.79513938888819,5535,11090
745,36.800000000000004,-119.7,36.779876647987074,-119.71652119714643,2338,4698
746,36.800000000000004,-119.60000000000001,36.79774938386084,-119.60305367792839,454,908
747,36.800000000000004,-119.5,36.7846922302888,-119.50572292706394,80,160
748,36.800000000000004,-119.4,36.79384452390075,-119.40283027969568,82,164
749,36.800000000000004,-119.30000000000001,36.79824620592594,-119.3154506243119,24,48
750,36.800000000000004,-119.2,36.75535534841745,-119.18639746382053,57,120
751,36.800000000000004,-118.2,36.8125903478702,-118.20830486594437,46,94
752,36.9,-121.9,36.943391434782605,-121.85515185869565,92,189
753,36.9,-121.80000000000001,36.911085772135955,-121.78483416489614,1738,3490
754,36.9,-121.7,36.89476419884126,-121.71977381667644,1551,3132
755,36.9,-121.60000000000001,36.87356215423056,-121.5937633978205,1552,3139
756,36.9,-121.5,36.91234133656239,-121.49450080776427,307,618
757,36.9,-121.4,36.89503903510537,-121.4068780759492,857,1732
758,36.9,-120.80000000000001,36.90094421357788,-120.81373846043168,257,573
759,36.9,-120.7,36.869294650409415,-120.67862947798282,43,85
760,36.9,-120.60000000000001,36.8890603235174,-120.58043030902256,51,102
761,36.9,-120.5,36.87929011313474,-120.49988474052091,84,171
762,36.9,-120.4,36.86237889056446,-120.41146061667865,45,92
763,36.9,-120.30000000000001,36.88274855243408,-120.29498089021013,80,162
764,36.9,-120.2,36.906193949152545,-120.18540140677966,59,118
765,36.9,-120.10000000000001,36.90633484506856,-120.08517878178459,273,539
766,36.9,-120.0,36.91566009245064,-120.01444963445375,1075,2159
767,36.9,-119.9,36.89033946607199,-119.91709484181546,365,731
768,36.9,-119.80000000000001,36.90421019335958,-119.79434588160332,928,1854
769,36.9,-119.7,36.89083700595805,-119.70993123308057,362,725
770,36.9,-119.60000000000001,36.864178398259696,-119.59667536175128,99,191
771,36.9,-119.5,36.90268297180187,-119.51305885068268,145,295
772,36.9,-119.30000000000001,36.87708851525625,-119.31738104869478,46,92
773,36.9,-118.2,36.90035463641381,-118.23944617177591,35,70
774,37.0,-122.2,37.01494901819988,-122.19044710371338,146,307
775,37.0,-122.10000000000001,37.01379015836985,-122.08283864042481,440,877
776,37.0,-122.0,36.989135663467884,-121.99348272301016,4483,9013
777,37.0,-121.9,36.97803460687273,-121.90139221279381,2271,4543
778,37.0,-121.80000000000001,36.97260938176708,-121.79326625364648,595,1206
779,37.0,-121.7,36.9894690455414,-121.70620605075374,645,1314
780,37.0,-121.60000000000001,36.9966196536902,-121.56400236662998,1325,2663
781,37.0,-121.5,36.991502503881314,-121.51710015671235,845,1741
782,37.0,-121.4,36.97680968010844,-121.39594934466366,441,896
783,37.0,-121.30000000000001,37.036704967796645,-121.29919380468802,254,513
784,37.0,-120.9,37.00051270739916,-120.89977015048478,244,495
785,37.0,-120.80000000000001,37.018049792077434,-120.83422850328942,78,156
786,37.0,-120.7,36.98442557604851,-120.66113518638083,71,142
787,37.0,-120.60000000000001,37.00508110759136,-120.61987414563866,252,512
788,37.0,-120.30000000000001,36.99788395417568,-120.2918068891656,32,63
789,37.0,-120.2,37.02802851072365,-120.17070490453264,152,303
790,37.0,-120.10000000000001,36.9869358286878,-120.08708431657234,1485,2993
791,37.0,-120.0,36.985804553092215,-120.01762513239642,250,499
792,37.0,-119.9,36.990021298977794,-119.89528767879428,125,254
793,37.0,-119.80000000000001,37.00095367490761,-119.79231033509247,184,378
794,37.0,-119.7,36.991943190285006,-119.70161701174288,242,485
795,37.0,-119.60000000000001,36.98220704389049,-119.61598129977203,132,264
796,37.0,-119.5,37.000395121238114,-119.51369865596513,302,620
797,37.0,-119.4,37.00870125394495,-119.40795656033453,110,220
798,37.0,-118.2,37.000586702492264,-118.2334134499,22,44
799,37.1,-122.30000000000001,37.11175974626759,-122.29874572379369,75,154
800,37.1,-122.2,37.12588353294528,-122.17531736757341,57,113
801,37.1,-122.10000000000001,37.09391647889629,-122.09784084744084,1198,2420
802,37.1,-122.0,37.122284594053944,-121.98462533707257,2969,6071
803,37.1,-121.9,37.1000223945625,-121.92951837525,160,319
804,37.1,-121.80000000000001,37.07169403846154,-121.81417634615384,26,52
805,37.1,-121.7,37.09616632847402,-121.68680220761387,268,551
806,37.1,-121.60000000000001,37.105337382238794,-121.61474594693794,2133,4262
807,37.1,-121.5,37.063026828571424,-121.52560357142858,35,70
808,37.1,-121.30000000000001,37.052271174392146,-121.25368467238049,26,52
809,37.1,-121.2,37.07013481462698,-121.21096781590424,653,1329
810,37.1,-121.10000000000001,37.083688778233224,-121.09836671166961,229,455
811,37.1,-121.0,37.09098417741359,-121.00463651152884,833,1772
812,37.1,-120.9,37.07888580218328,-120.8994758687589,348,696
813,37.1,-120.80000000000001,37.08001563624979,-120.82356157289321,298,602
814,37.1,-120.7,37.07691768627583,-120.70088408910719,145,290
815,37.1,-120.60000000000001,37.05956442255872,-120.60620212651308,79,161
816,37.1,-120.5,37.09482680783476,-120.49801271067126,161,330
817,37.1,-120.4,37.089321999860964,-120.39509625729418,81,162
818,37.1,-120.30000000000001,37.110125071272165,-120.27844783473174,338,693
819,37.1,-120.2,37.08998288225913,-120.20651045045372,394,791
820,37.1,-120.10000000000001,37.0904295299791,-120.11099665249287,51,102
821,37.1,-120.0,37.076043404430486,-120.00637897126853,55,110
822,37.1,-119.9,37.12212818748354,-119.89584878704818,38,76
823,37.1,-119.80000000000001,37.085996741426584,-119.76018728616872,103,213
824,37.1,-119.7,37.11700177720103,-119.71967813214879,120,246
825,37.1,-119.5,37.08167747279339,-119.48333921589058,140,280
826,37.1,-119.4,37.07068449150042,-119.3834998796552,102,203
827,37.1,-119.30000000000001,37.09889394629362,-119.32100115811049,227,452
828,37.2,-122.4,37.20315658762887,-122.3848069484536,97,204
829,37.2,-122.2,37.198883309932945,-122.16279291253016,146,296
830,37.2,-122.10000000000001,37.19406475509445,-122.1027509448169,357,741
831,37.2,-122.0,37.186783707062375,-121.98667023860963,3340,6809
832,37.2,-121.9,37.21467364583334,-121.90153785416666,144,288
833,37.2,-121.80000000000001,37.23761494987755,-121.7897141295858,1298,2625
834,37.2,-121.7,37.188409397573984,-121.69791624166044,1707,3447
835,37.2,-121.60000000000001,37.15661344410619,-121.62281781799548,46,92
836,37.2,-121.10000000000001,37.224993152237005,-121.08137260983207,204,451
837,37.2,-121.0,37.2005456041231,-121.00470910947291,177,358
838,37.2,-120.9,37.21792729169075,-120.85635834948467,31,62
839,37.2,-120.7,37.18113331441483,-120.67890121346043,32,64
840,37.2,-120.60000000000001,37.19467962211162,-120.57110360760437,35,70
841,37.2,-120.5,37.195982378444285,-120.4926815280441,130,263
842,37.2,-120.4,37.216791113888746,-120.38568222867195,125,252
843,37.2,-120.30000000000001,37.19268842037317,-120.30469828749146,200,400
844,37.2,-120.2,37.20188512554173,-120.20948790888224,48,93
845,37.2,-119.9,37.22090170934486,-119.89866163820035,37,74
846,37.2,-119.80000000000001,37.20480590974438,-119.78188142688289,145,289
847,37.2,-119.7,37.203163448005895,-119.71598220394499,389,778
848,37.2,-119.60000000000001,37.20247466338809,-119.58412654085541,63,126
849,37.2,-119.5,37.21993210105263,-119.5056518471579,95,190
850,37.2,-119.30000000000001,37.1618494432696,-119.28565090874072,29,58
851,37.2,-119.2,37.19831447585832,-119.20261253249642,74,148
852,37.2,-118.30000000000001,37.176749827960236,-118.29672728514099,127,257
853,37.300000000000004,-122.4,37.305361561321995,-122.39797646475233,200,405
854,37.300000000000004,-122.30000000000001,37.31103596275252,-122.2889185959588,241,493
855,37.300000000000004,-122.2,37.3182231160554,-122.19620666643983,186,383
856,37.300000000000004,-122.10000000000001,37.311735786031974,-122.07511889421275,1580,3437
857,37.300000000000004,-122.0,37.30343956051675,-121.99076740187282,5356,11950
858,37.300000000000004,-121.9,37.311075735692725,-121.90064998264842,15607,34489
859,37.300000000000004,-121.80000000000001,37.305391342140666,-121.8255489271338,4366,9041
860,37.300000000000004,-121.7,37.30265026887891,-121.7009099142368,78,155
861,37.300000000000004,-121.10000000000001,37.31184316422772,-121.10098346277191,220,488
862,37.300000000000004,-121.0,37.30395087916518,-121.0095099762865,254,511
863,37.300000000000004,-120.9,37.32171507019868,-120.87780865867452,206,414
864,37.300000000000004,-120.80000000000001,37.316235810554005,-120.80527977683042,60,120
865,37.300000000000004,-120.7,37.322900310482744,-120.70088047007687,105,213
866,37.300000000000004,-120.60000000000001,37.33331761981446,-120.59041366476326,1111,2225
867,37.300000000000004,-120.5,37.30597826731256,-120.49916152686606,1995,4014
868,37.300000000000004,-120.4,37.295626903539244,-120.4222413990428,427,854
869,37.300000000000004,-120.30000000000001,37.2932446666247,-120.3125122074997,221,442
870,37.300000000000004,-119.7,37.307870796570626,-119.67613906489038,484,981
871,37.300000000000004,-119.60000000000001,37.318191872531955,-119.61656224694954,360,723
872,37.300000000000004,-119.5,37.280399574892314,-119.52480754072275,38,76
873,37.300000000000004,-118.4,37.30793313816578,-118.38776380307154,105,210
874,37.4,-122.4,37.39668015851694,-122.40768867316147,87,177
875,37.4,-122.30000000000001,37.412227925180794,-122.27362694658713,715,1557
876,37.4,-122.2,37.416133428955845,-122.20329835268527,1815,4119
877,37.4,-122.10000000000001,37.407752865871124,-122.0900528886533,5398,11128
878,37.4,-122.0,37.397071420634845,-121.99523549351348,4785,9685
879,37.4,-121.9,37.38713975451685,-121.90519471599619,11756,25820
880,37.4,-121.80000000000001,37.36841481750437,-121.83139050173769,1979,4371
881,37.4,-121.5,37.39681907160675,-121.48255883881146,26,54
882,37.4,-121.30000000000001,37.41070774220697,-121.26446339532184,25,50
883,37.4,-121.2,37.426034787892974,-121.16741589471992,50,108
884,37.4,-121.10000000000001,37.402222430152,-121.11247970411924,321,681
885,37.4,-121.0,37.40224972510216,-120.99564787871725,192,379
886,37.4,-120.9,37.40200112342198,-120.87316572431412,394,793
887,37.4,-120.80000000000001,37.42237099478545,-120.7929986391759,1067,2148
888,37.4,-120.7,37.388460429335495,-120.70610695559304,858,1733
889,37.4,-120.60000000000001,37.37843044447122,-120.61715195561742,951,1891
890,37.4,-120.5,37.38076494255298,-120.49576780330851,181,364
891,37.4,-120.4,37.378608,-120.43542743243243,37,74
892,37.4,-120.10000000000001,37.424756026274174,-120.10387490802181,50,102
893,37.4,-120.0,37.42407488,-119.98054776,25,50
894,37.4,-119.9,37.426300999999995,-119.89171713636364,44,88
895,37.4,-119.80000000000001,37.431409099999996,-119.8183841,30,63
896,37.4,-119.7,37.39151183466265,-119.72390732861128,143,290
897,37.4,-119.60000000000001,37.383132154708306,-119.63147008341184,190,383
898,37.4,-118.60000000000001,37.42852338357987,-118.57202472916536,41,82
899,37.4,-118.5,37.38447530180037,-118.494091809829,48,96
900,37.4,-118.4,37.37145338770233,-118.41217059792585,381,763
901,37.5,-122.5,37.5175525800749,-122.4931636504058,408,827
902,37.5,-122.4,37.504009953287365,-122.37931617477146,986,2133
903,37.5,-122.30000000000001,37.517704552768535,-122.29616926556783,4875,10358
904,37.5,-122.2,37.482752798387956,-122.20235140340138,4915,9904
905,37.5,-122.10000000000001,37.48654889784685,-122.11675245201685,2252,4593
906,37.5,-122.0,37.526909072305635,-121.9954501827428,3589,8363
907,37.5,-121.9,37.49525635448205,-121.92906718996622,4412,10634
908,37.5,-121.30000000000001,37.540011009174314,-121.26785916055046,218,498
909,37.5,-121.2,37.4964830859633,-121.18455088646661,449,966
910,37.5,-121.10000000000001,37.48783312304493,-121.10683560792916,219,442
911,37.5,-121.0,37.501389448441316,-120.99547748014551,363,730
912,37.5,-120.9,37.51352795659887,-120.89004428773862,1261,2517
913,37.5,-120.80000000000001,37.48652514483211,-120.81498048866717,947,1911
914,37.5,-120.7,37.489868242600195,-120.71208777100136,97,194
915,37.5,-120.60000000000001,37.475950191668225,-120.62351131832031,67,134
916,37.5,-120.5,37.49822894516662,-120.48557839154061,73,147
917,37.5,-120.4,37.51458125904517,-120.43158332586499,68,136
918,37.5,-120.30000000000001,37.5161441962119,-120.313784299812,38,76
919,37.5,-120.2,37.499719509128475,-120.21640934919647,21,42
920,37.5,-120.10000000000001,37.47819924096397,-120.0792920414591,67,137
921,37.5,-120.0,37.48969380842545,-119.98336896973231,323,644
922,37.5,-119.9,37.48225315722819,-119.91263750323415,206,414
923,37.5,-119.80000000000001,37.478114451327436,-119.80846166371681,113,228
924,37.5,-119.60000000000001,37.4721232194017,-119.63944242924073,60,120
925,37.5,-118.60000000000001,37.517400532896154,-118.61493833330525,48,96
926,37.5,-117.9,37.48239752109859,-117.91462791494348,20,40
927,37.6,-122.5,37.61477834814724,-122.4880460669745,664,1449
928,37.6,-122.4,37.61673742462878,-122.40456401715512,5270,11612
929,37.6,-122.30000000000001,37.56709398625614,-122.30093917507293,4371,8892
930,37.6,-122.2,37.609326294779706,-122.1804519927144,785,1580
931,37.6,-122.10000000000001,37.621702708160015,-122.08132096856409,8749,20086
932,37.6,-122.0,37.56802677281039,-122.03792839055328,2576,5866
933,37.6,-121.9,37.590964510606725,-121.8869585422721,4078,9426
934,37.6,-121.80000000000001,37.61837323196742,-121.81858926980321,397,829
935,37.6,-121.7,37.620509297297296,-121.69212575675677,37,74
936,37.6,-121.60000000000001,37.63775564001417,-121.59763184069159,147,302
937,37.6,-121.5,37.635623441158586,-121.50965814211126,33,66
938,37.6,-121.4,37.63785477657107,-121.39334171837608,275,597
939,37.6,-121.30000000000001,37.61847800121468,-121.30991358387385,711,1539
940,37.6,-121.2,37.61738200724813,-121.20337851427297,356,717
941,37.6,-121.10000000000001,37.6111755726805,-121.1020145424563,372,745
942,37.6,-121.0,37.61573271382141,-120.99629852202641,4666,9405
943,37.6,-120.9,37.59383343793298,-120.91758424173835,1604,3229
944,37.6,-120.80000000000001,37.604488529190334,-120.82124323927104,569,1151
945,37.6,-120.7,37.61815835413072,-120.71150189106034,119,247
946,37.6,-120.60000000000001,37.63084335103919,-120.61720069954686,117,240
947,37.6,-120.5,37.63240974732877,-120.49598623523804,62,127
948,37.6,-120.4,37.62282170149995,-120.39327928268402,52,104
949,37.6,-120.30000000000001,37.62127268627451,-120.31051603921568,51,102
950,37.6,-120.10000000000001,37.590902069126685,-120.12686050402398,48,96
951,37.6,-120.0,37.59219426886412,-119.96782044378516,52,104
952,37.6,-119.9,37.5660769,-119.9203503,40,81
953,37.6,-119.0,37.642652608695656,-118.96903539130435,23,46
954,37.6,-118.9,37.63714290921495,-118.90321797379039,101,203
955,37.6,-118.80000000000001,37.60763077898613,-118.81212853396124,91,182
956,37.6,-118.7,37.56628593816634,-118.69399072191997,91,185
957,37.7,-122.5,37.686188241874504,-122.46979046437625,3026,6950
958,37.7,-122.4,37.71723775188013,-122.4113073500872,6784,14741
959,37.7,-122.2,37.72503737997315,-122.17995681134099,4277,10079
960,37.7,-122.10000000000001,37.68655862181188,-122.10829473421728,17191,38246
961,37.7,-122.0,37.7011224749075,-122.01928682989038,1929,4279
962,37.7,-121.9,37.69837368198857,-121.90797889211824,6246,14943
963,37.7,-121.80000000000001,37.70000212664983,-121.79978089201778,3275,7685
964,37.7,-121.7,37.711158218449974,-121.70121282861668,4592,10681
965,37.7,-121.60000000000001,37.7381945484622,-121.58597170536163,2943,6866
966,37.7,-121.5,37.72599065793892,-121.5094168416864,2112,4873
967,37.7,-121.4,37.71438638334289,-121.39564166707521,462,951
968,37.7,-121.30000000000001,37.69844100776657,-121.31274935427886,354,738
969,37.7,-121.2,37.71442507626347,-121.20285831056826,160,320
970,37.7,-121.10000000000001,37.71182207695929,-121.09030793610152,2602,5216
971,37.7,-121.0,37.687859319540124,-121.01240095769072,1786,3609
972,37.7,-120.9,37.707749432712966,-120.91232612328837,679,1367
973,37.7,-120.80000000000001,37.7036491577498,-120.82402166934573,324,657
974,37.7,-120.7,37.705910880000005,-120.68686732,25,54
975,37.7,-120.5,37.67025656144231,-120.46548459067307,104,209
976,37.7,-120.4,37.69459099167729,-120.40071549347,60,120
977,37.7,-120.30000000000001,37.697648234668996,-120.32382027982926,84,167
978,37.7,-120.2,37.71526676142443,-120.20330793037023,103,207
979,37.7,-120.10000000000001,37.72701504104423,-120.12044627172348,38,75
980,37.7,-119.80000000000001,37.67546514705882,-119.79829464705882,34,70
981,37.7,-119.0,37.699918492201355,-118.97818988415061,60,123
982,37.7,-118.9,37.68571838034042,-118.93605484603266,31,62
983,37.7,-118.4,37.69070234186184,-118.4161835618508,22,44
984,37.800000000000004,-122.5,37.81934852534465,-122.4784459514689,2175,4425
985,37.800000000000004,-122.4,37.78138443898096,-122.39422409896021,10806,24867
986,37.800000000000004,-122.30000000000001,37.82302057564293,-122.28753165080275,14538,34650
987,37.800000000000004,-122.2,37.79018034914808,-122.21281460330621,10254,24012
988,37.800000000000004,-122.10000000000001,37.77438068041466,-122.14112123095909,297,647
989,37.800000000000004,-122.0,37.80854145219128,-121.99379509839268,3524,8217
990,37.800000000000004,-121.9,37.79640760207349,-121.89844181707791,339,676
991,37.800000000000004,-121.80000000000001,37.77015388888889,-121.8025772,90,180
992,37.800000000000004,-121.7,37.783637730837235,-121.70658792454167,259,520
993,37.800000000000004,-121.60000000000001,37.80093454120579,-121.5834545381363,541,1104
994,37.800000000000004,-121.5,37.76315080095445,-121.49209805283198,1278,2755
995,37.800000000000004,-121.4,37.764711859366955,-121.41049785425523,1848,4126
996,37.800000000000004,-121.30000000000001,37.79086052051746,-121.30421653356042,2856,6504
997,37.800000000000004,-121.2,37.7898118976035,-121.20231891780652,2439,4905
998,37.800000000000004,-121.10000000000001,37.77299793303271,-121.12144433410407,859,1734
999,37.800000000000004,-121.0,37.79935380244255,-120.99288076323849,418,841
1000,37.800000000000004,-120.9,37.79177723229253,-120.89498542073585,523,1070
1001,37.800000000000004,-120.80000000000001,37.77758760197103,-120.80425500854616,258,522
1002,37.800000000000004,-120.7,37.80517829151029,-120.7001062346289,192,390
1003,37.800000000000004,-120.60000000000001,37.84098408494845,-120.60077664411605,91,182
1004,37.800000000000004,-120.5,37.837173198564614,-120.50338182227209,104,207
1005,37.800000000000004,-120.30000000000001,37.81894722174735,-120.28786034512733,152,315
1006,37.800000000000004,-120.2,37.82698403810844,-120.21553960840956,131,264
1007,37.800000000000004,-120.10000000000001,37.791583326316754,-120.10904041125582,57,114
1008,37.800000000000004,-120.0,37.8230411002033,-120.00148223031545,32,64
1009,37.800000000000004,-119.9,37.8119085750161,-119.89459327391789,25,51
1010,37.800000000000004,-119.10000000000001,37.80606797692072,-119.0802832491419,124,254
1011,37.800000000000004,-119.0,37.77635661182845,-119.01341393813759,80,160
1012,37.800000000000004,-118.5,37.80861428693475,-118.48006467356868,28,56
1013,37.9,-122.7,37.92786773465967,-122.69193873062781,159,320
1014,37.9,-122.60000000000001,37.89024272209032,-122.5893706307982,387,789
1015,37.9,-122.5,37.908368963021374,-122.5100289787978,3893,8028
1016,37.9,-122.4,37.92958383212341,-122.38657237357381,1259,3019
1017,37.9,-122.30000000000001,37.89454048218946,-122.31116082115123,9344,22081
1018,37.9,-122.2,37.871885212016,-122.19684034936245,3457,6965
1019,37.9,-122.10000000000001,37.909720152160155,-122.07336309312015,6649,14879
1020,37.9,-122.0,37.86610049443294,-122.03414032138339,2173,5097
1021,37.9,-121.9,37.90388314685315,-121.87943580419581,143,286
1022,37.9,-121.80000000000001,37.90079310343808,-121.7845701152426,254,522
1023,37.9,-121.7,37.8992156895353,-121.69853930998546,1257,2552
1024,37.9,-121.60000000000001,37.890712034697756,-121.61783306087791,1199,2461
1025,37.9,-121.5,37.89555797974866,-121.48389605865103,314,647
1026,37.9,-121.4,37.90499407140962,-121.4070685843717,274,559
1027,37.9,-121.30000000000001,37.904594428538175,-121.28705955650948,3123,6992
1028,37.9,-121.2,37.911367181854864,-121.22207996691645,1281,2590
1029,37.9,-121.10000000000001,37.90605200154912,-121.1162613868645,239,475
1030,37.9,-121.0,37.897377275562945,-121.00317229922219,163,326
1031,37.9,-120.9,37.894463860518094,-120.91106444273476,84,167
1032,37.9,-120.80000000000001,37.930950909435616,-120.834294368169,117,234
1033,37.9,-120.60000000000001,37.91982513342332,-120.60376955393886,177,355
1034,37.9,-120.5,37.899340179122234,-120.47987290471028,160,324
1035,37.9,-120.4,37.920134678356064,-120.42216588634277,283,567
1036,37.9,-120.30000000000001,37.92798275,-120.30498523333334,60,120
1037,37.9,-120.2,37.858091,-120.20017136111112,36,72
1038,37.9,-119.10000000000001,37.90473141778453,-119.09651671800977,61,129
1039,38.0,-122.80000000000001,38.043507215363825,-122.76801324626656,85,168
1040,38.0,-122.7,38.013148711756166,-122.70229231718928,132,272
1041,38.0,-122.60000000000001,38.00656153887515,-122.59644907766825,358,721
1042,38.0,-122.5,37.99043593129201,-122.5265493819473,3591,7266
1043,38.0,-122.4,37.959245873611586,-122.36755985591728,410,822
1044,38.0,-122.30000000000001,37.985775069232496,-122.30238492420747,7720,17613
1045,38.0,-122.2,38.02195552945953,-122.21674302695205,1072,2333
1046,38.0,-122.10000000000001,37.991210312466194,-122.08139379922957,5628,12472
1047,38.0,-122.0,38.00598145923475,-122.00859162346332,4924,9859
1048,38.0,-121.9,38.01481579049538,-121.91327080638541,3716,7484
1049,38.0,-121.80000000000001,38.00103979770019,-121.79695952693316,1969,3958
1050,38.0,-121.7,37.97326524014454,-121.72257203469076,685,1389
1051,38.0,-121.60000000000001,37.99662146957447,-121.63424937218085,188,375
1052,38.0,-121.4,38.00898177584197,-121.36092802459895,384,884
1053,38.0,-121.30000000000001,37.98528889530673,-121.29539798416293,4613,9633
1054,38.0,-121.2,37.97559602829761,-121.23072856568668,1894,3810
1055,38.0,-121.10000000000001,38.0130695347095,-121.0995485412928,319,649
1056,38.0,-121.0,38.017212761788336,-121.02000400989613,114,229
1057,38.0,-120.9,38.020657449360094,-120.87543258206354,20,40
1058,38.0,-120.7,37.974728045429906,-120.67056223014528,43,86
1059,38.0,-120.60000000000001,38.01344293553537,-120.64058322921413,190,392
1060,38.0,-120.5,38.01024797378953,-120.49051184950045,162,326
1061,38.0,-120.4,37.9846004185613,-120.3990083101985,998,2001
1062,38.0,-120.30000000000001,37.98921647630057,-120.29685816831531,925,1861
1063,38.0,-120.2,38.010843462066056,-120.23077766542912,361,730
1064,38.0,-119.2,38.02163585028378,-119.1638726532363,36,78
1065,38.0,-119.10000000000001,37.96625382304905,-119.12602070687727,54,110
1066,38.1,-122.9,38.11536512211701,-122.88017210607791,36,72
1067,38.1,-122.80000000000001,38.07432486562758,-122.80493178743276,190,378
1068,38.1,-122.7,38.097182801658555,-122.70685773305006,200,398
1069,38.1,-122.60000000000001,38.1085412453825,-122.56709327410984,766,1538
1070,38.1,-122.5,38.095906426714315,-122.51463230335668,1460,2921
1071,38.1,-122.4,38.14776440103271,-122.37826532528175,145,293
1072,38.1,-122.30000000000001,38.124661571516256,-122.27531305855243,790,1572
1073,38.1,-122.2,38.094880707265865,-122.223276112653,4945,11673
1074,38.1,-122.10000000000001,38.083938903913186,-122.12297743370755,984,2331
1075,38.1,-121.7,38.1014879547339,-121.70678995889577,350,738
1076,38.1,-121.60000000000001,38.1333694078966,-121.6064742689373,380,790
1077,38.1,-121.5,38.110869746363775,-121.48750133003617,193,393
1078,38.1,-121.4,38.10325176672961,-121.38745802785539,1099,2394
1079,38.1,-121.30000000000001,38.09681746363907,-121.27618317419383,1679,3363
1080,38.1,-121.2,38.10564644686384,-121.19255785257822,628,1269
1081,38.1,-121.10000000000001,38.10302644951604,-121.11098452698414,104,205
1082,38.1,-121.0,38.06484569677606,-120.99305378767252,104,212
1083,38.1,-120.9,38.11720636179938,-120.890657253314,261,524
1084,38.1,-120.80000000000001,38.13138981481481,-120.83295555555554,27,54
1085,38.1,-120.7,38.08372191666667,-120.66410570833334,24,48
1086,38.1,-120.60000000000001,38.096923551890356,-120.60119266535102,189,380
1087,38.1,-120.5,38.11179511112659,-120.4800789299321,305,614
1088,38.1,-120.4,38.10491601914238,-120.42629679557368,41,82
1089,38.1,-120.30000000000001,38.06774960869565,-120.27187539130435,23,46
1090,38.1,-120.2,38.066733,-120.19109388819875,161,324
1091,38.1,-120.10000000000001,38.11686514480723,-120.10950282713955,63,127
1092,38.1,-119.2,38.0859386428556,-119.17633725521969,75,165
1093,38.2,-122.9,38.215480932456316,-122.90981766151343,112,220
1094,38.2,-122.7,38.21980786408163,-122.67817267045919,196,392
1095,38.2,-122.60000000000001,38.21684099144503,-122.60684615134276,1947,3920
1096,38.2,-122.5,38.21496106264319,-122.49951091534581,492,1023
1097,38.2,-122.4,38.18177461602586,-122.43527082522817,779,1588
1098,38.2,-122.30000000000001,38.22955964590793,-122.26515512426712,1749,3503
1099,38.2,-122.2,38.19107034448003,-122.18600380980443,1491,3367
1100,38.2,-122.10000000000001,38.22523548190505,-122.11318429535181,3782,8910
1101,38.2,-122.0,38.23178533325561,-121.99793709362612,169,334
1102,38.2,-121.9,38.222948904493904,-121.90146144316758,115,241
1103,38.2,-121.80000000000001,38.19100310318064,-121.80424409714573,242,491
1104,38.2,-121.7,38.15981415827741,-121.682461424232,836,1711
1105,38.2,-121.60000000000001,38.18737907794585,-121.59644351169767,347,708
1106,38.2,-121.5,38.23608924078911,-121.51716787562032,191,381
1107,38.2,-121.4,38.20971627478347,-121.41249472622789,448,993
1108,38.2,-121.30000000000001,38.19584427873664,-121.27704436802333,1157,2325
1109,38.2,-121.2,38.18964444680329,-121.18404956761283,390,778
1110,38.2,-121.10000000000001,38.20053457387294,-121.09630919719062,247,488
1111,38.2,-121.0,38.20503342960844,-120.9793240236324,76,152
1112,38.2,-120.9,38.189518836222696,-120.89294496089315,184,366
1113,38.2,-120.80000000000001,38.19089172883217,-120.81563809843576,429,859
1114,38.2,-120.7,38.19959512274838,-120.6875252704795,325,651
1115,38.2,-120.60000000000001,38.18596747495268,-120.61284726035372,81,163
1116,38.2,-120.5,38.21878294612746,-120.51448470823645,59,118
1117,38.2,-120.4,38.19416598317759,-120.39123586542809,202,407
1118,38.2,-120.10000000000001,38.15586855,-120.06028900000001,20,41
1119,38.2,-120.0,38.19317083246464,-120.01040448152547,97,194
1120,38.2,-119.2,38.18867027832526,-119.2068970473791,60,122
1121,38.300000000000004,-123.10000000000001,38.33250815953792,-123.05702259049083,21,42
1122,38.300000000000004,-123.0,38.33065151233192,-123.01356783047822,257,519
1123,38.300000000000004,-122.9,38.307654786267115,-122.90005297387276,136,274
1124,38.300000000000004,-122.80000000000001,38.294305239389566,-122.78850751080392,237,469
1125,38.300000000000004,-122.7,38.300686961214126,-122.69271734184436,2394,4746
1126,38.300000000000004,-122.60000000000001,38.27474007087052,-122.61298286710633,300,611
1127,38.300000000000004,-122.5,38.29721931797351,-122.48411150918385,1195,2392
1128,38.300000000000004,-122.4,38.272146210244735,-122.39986513679908,368,739
1129,38.300000000000004,-122.30000000000001,38.2906808552728,-122.29842000362189,1730,3485
1130,38.300000000000004,-122.2,38.29665283836907,-122.22224778448998,93,188
1131,38.300000000000004,-122.10000000000001,38.26543974591662,-122.06783933984475,1329,3114
1132,38.300000000000004,-122.0,38.311220406022436,-122.02404671693321,2466,5825
1133,38.300000000000004,-121.9,38.32134187666769,-121.90946889778085,124,252
1134,38.300000000000004,-121.80000000000001,38.31122787920118,-121.81884721324201,156,313
1135,38.300000000000004,-121.60000000000001,38.3146511061765,-121.59199001556699,132,271
1136,38.300000000000004,-121.5,38.293537041492705,-121.47439484762548,545,1197
1137,38.300000000000004,-121.4,38.29879974206856,-121.42428003385432,179,357
1138,38.300000000000004,-121.30000000000001,38.30091137208451,-121.3142025782073,1639,3350
1139,38.300000000000004,-121.2,38.30850850778668,-121.20655816543514,269,538
1140,38.300000000000004,-121.0,38.29419994819045,-120.98006539336991,69,137
1141,38.300000000000004,-120.9,38.31031906884161,-120.90682985549044,307,617
1142,38.300000000000004,-120.80000000000001,38.33268911363636,-120.78484556818181,44,90
1143,38.300000000000004,-120.7,38.2980938330567,-120.71132333010719,272,561
1144,38.300000000000004,-120.60000000000001,38.3346232739726,-120.59689012328768,73,146
1145,38.300000000000004,-120.5,38.29583473846154,-120.51614749230768,65,130
1146,38.300000000000004,-120.4,38.257478,-120.36367962962964,27,54
1147,38.300000000000004,-120.30000000000001,38.283533779320294,-120.30425690713652,139,280
1148,38.300000000000004,-119.5,38.34850162548764,-119.45231656701544,44,88
1149,38.300000000000004,-119.4,38.34778151172096,-119.38669884934713,28,56
1150,38.300000000000004,-119.30000000000001,38.3108784024802,-119.31317661357288,64,129
1151,38.300000000000004,-119.2,38.26620453376923,-119.2239494965503,78,162
1152,38.400000000000006,-123.10000000000001,38.40131455788788,-123.08982223030122,173,348
1153,38.400000000000006,-123.0,38.41751664541833,-122.97223249473203,73,149
1154,38.400000000000006,-122.9,38.406199738870185,-122.88994645553603,637,1272
1155,38.400000000000006,-122.80000000000001,38.40022571801594,-122.79814776178101,1241,2491
1156,38.400000000000006,-122.7,38.408549068404376,-122.71640477710255,5196,10397
1157,38.400000000000006,-122.60000000000001,38.411557974211895,-122.59410234247527,508,1042
1158,38.400000000000006,-122.5,38.38246627583758,-122.51670723612975,266,536
1159,38.400000000000006,-122.4,38.41729036954066,-122.38743005443698,323,650
1160,38.400000000000006,-122.30000000000001,38.37890315170619,-122.3197458522955,389,773
1161,38.400000000000006,-122.2,38.399806072168026,-122.19852143439073,429,883
1162,38.400000000000006,-122.0,38.37004757485243,-121.97282563170003,1376,3242
1163,38.400000000000006,-121.9,38.40988071855423,-121.90660714077544,1633,3818
1164,38.400000000000006,-121.80000000000001,38.398881784041556,-121.81854089940505,189,384
1165,38.400000000000006,-121.7,38.39947042857143,-121.72408571428572,21,42
1166,38.400000000000006,-121.60000000000001,38.41380280858218,-121.58221413523117,89,182
1167,38.400000000000006,-121.5,38.405151085586795,-121.48670302782934,990,2257
1168,38.400000000000006,-121.4,38.40978834437959,-121.38816886108594,1983,3987
1169,38.400000000000006,-121.30000000000001,38.389914033202466,-121.31228405096816,368,745
1170,38.400000000000006,-121.2,38.40134400754816,-121.21663141656674,185,376
1171,38.400000000000006,-121.10000000000001,38.377517301576965,-121.08693475091725,21,43
1172,38.400000000000006,-121.0,38.391283781984036,-120.99219859982577,92,186
1173,38.400000000000006,-120.9,38.40840375575926,-120.8933309674181,82,165
1174,38.400000000000006,-120.80000000000001,38.3766859643814,-120.79586369545582,418,839
1175,38.400000000000006,-120.7,38.39761755679321,-120.69792061030462,402,807
1176,38.400000000000006,-120.60000000000001,38.41085957421586,-120.59952067713547,354,719
1177,38.400000000000006,-120.5,38.41001943452381,-120.52390473214287,168,340
1178,38.400000000000006,-120.10000000000001,38.42339315133158,-120.10148741156814,33,66
1179,38.400000000000006,-119.5,38.3955545602321,-119.46510148746408,51,104
1180,38.400000000000006,-119.4,38.37024537037037,-119.43029585185185,27,54
1181,38.5,-123.30000000000001,38.53702942424242,-123.27738889393939,66,135
1182,38.5,-123.2,38.50077369665466,-123.20123112481379,135,271
1183,38.5,-123.10000000000001,38.48204236011254,-123.09083126111692,131,265
1184,38.5,-123.0,38.49235705415108,-122.99564290196528,719,1438
1185,38.5,-122.9,38.48892863986165,-122.89185528557884,576,1155
1186,38.5,-122.80000000000001,38.50544315541548,-122.78140129348643,2029,4035
1187,38.5,-122.7,38.48571308013066,-122.72061011619472,1649,3306
1188,38.5,-122.60000000000001,38.49006642520092,-122.6272748292556,216,443
1189,38.5,-122.5,38.52455283291139,-122.48261173164556,395,802
1190,38.5,-122.4,38.47714117178012,-122.41328201791168,449,900
1191,38.5,-122.30000000000001,38.49799406769178,-122.30634246311847,107,217
1192,38.5,-122.2,38.49156745848081,-122.20682922996701,44,88
1193,38.5,-122.10000000000001,38.50299144108615,-122.10798953188369,71,141
1194,38.5,-122.0,38.508768732096385,-121.98223967671302,250,528
1195,38.5,-121.9,38.485660958916604,-121.92192458200812,241,511
1196,38.5,-121.80000000000001,38.50186027497781,-121.79164321476212,1679,3917
1197,38.5,-121.7,38.53769542765437,-121.7328165699586,681,1593
1198,38.5,-121.60000000000001,38.503857208981486,-121.57249345405293,32,64
1199,38.5,-121.5,38.516745892003264,-121.4785847802026,9200,19424
1200,38.5,-121.4,38.4866328302621,-121.41152190105703,10481,20996
1201,38.5,-121.30000000000001,38.50223888165887,-121.32187333102392,1371,2753
1202,38.5,-121.2,38.5009925950193,-121.21660718045473,431,870
1203,38.5,-121.10000000000001,38.5002092247417,-121.0991216100974,221,446
1204,38.5,-121.0,38.50526466151868,-121.01927363885336,72,146
1205,38.5,-120.9,38.4663573059709,-120.89971253520231,162,327
1206,38.5,-120.80000000000001,38.50948372195998,-120.8114275745994,124,249
1207,38.5,-120.7,38.50862840277778,-120.70566068055557,72,144
1208,38.5,-120.60000000000001,38.4808575836003,-120.60710553242194,53,106
1209,38.5,-120.5,38.48334670473196,-120.51328732089176,177,360
1210,38.5,-120.4,38.53404500592745,-120.41417255794613,84,169
1211,38.5,-120.30000000000001,38.54270559658879,-120.31023163923507,20,40
1212,38.5,-120.0,38.4702424375,-120.02885270833333,48,98
1213,38.5,-119.5,38.50888311314624,-119.47032777035159,91,190
1214,38.6,-123.30000000000001,38.57701633333739,-123.31716718031166,66,133
1215,38.6,-122.9,38.61081768708751,-122.87411134987647,420,843
1216,38.6,-122.80000000000001,38.58252754052145,-122.82035618194412,347,704
1217,38.6,-122.7,38.577692658990564,-122.67230017765729,257,533
1218,38.6,-122.60000000000001,38.60512293825137,-122.59584635755213,872,1781
1219,38.6,-122.5,38.56201814487477,-122.49780977081788,189,384
1220,38.6,-122.4,38.59895465,-122.42910172,100,200
1221,38.6,-122.0,38.60165994907503,-121.9608451306476,115,244
1222,38.6,-121.9,38.5931979602962,-121.88770704866381,84,170
1223,38.6,-121.80000000000001,38.59745991893301,-121.78548431907943,282,570
1224,38.6,-121.7,38.560752091009796,-121.69796580658304,763,1778
1225,38.6,-121.60000000000001,38.57732344750915,-121.5856642993719,2474,5813
1226,38.6,-121.5,38.58606847075113,-121.49302689498352,16019,35319
1227,38.6,-121.4,38.59761784808204,-121.40155966229898,20664,42556
1228,38.6,-121.30000000000001,38.60730821252265,-121.30956915915239,6449,12930
1229,38.6,-121.2,38.63055574083713,-121.20123513600699,1610,3270
1230,38.6,-121.10000000000001,38.63717078685615,-121.10299985535974,727,1454
1231,38.6,-121.0,38.590772601560175,-120.99353881138738,192,386
1232,38.6,-120.9,38.62614454098361,-120.88426518032787,122,248
1233,38.6,-120.80000000000001,38.59974981481482,-120.82972491358024,81,165
1234,38.6,-120.7,38.61515264579071,-120.69304190762763,187,374
1235,38.6,-120.60000000000001,38.61953824260327,-120.59933974137395,76,152
1236,38.6,-120.5,38.640101461538464,-120.52928696153846,26,52
1237,38.6,-120.30000000000001,38.55868031736137,-120.2817631441504,20,40
1238,38.6,-120.2,38.618125430526945,-120.21558580068385,53,106
1239,38.6,-119.5,38.60323718055478,-119.51199544714619,52,109
1240,38.7,-123.5,38.73434575757576,-123.48338348484847,33,67
1241,38.7,-123.4,38.674427024405055,-123.41623590752808,73,150
1242,38.7,-123.30000000000001,38.665218029686024,-123.31752730815212,23,46
1243,38.7,-123.0,38.70763241245978,-122.98155049210506,89,178
1244,38.7,-122.9,38.690037523445554,-122.89526156464635,421,840
1245,38.7,-122.80000000000001,38.67473596706115,-122.82046308821198,96,192
1246,38.7,-122.60000000000001,38.67760618710837,-122.59995597948982,550,1094
1247,38.7,-122.5,38.69089353701684,-122.4791289526884,57,112
1248,38.7,-122.4,38.69507348042214,-122.43709053822933,25,50
1249,38.7,-122.10000000000001,38.71707732038835,-122.11107770873787,103,209
1250,38.7,-122.0,38.69091897975879,-121.99355070616974,348,718
1251,38.7,-121.9,38.6758577984193,-121.8831765990728,99,201
1252,38.7,-121.80000000000001,38.69873345075388,-121.78384343195931,561,1188
1253,38.7,-121.7,38.67772976734982,-121.72289300165252,574,1278
1254,38.7,-121.60000000000001,38.675644679667094,-121.60394778039529,1425,3217
1255,38.7,-121.5,38.680627370737106,-121.50560694453404,1944,4074
1256,38.7,-121.4,38.680595981584425,-121.37462703006776,8016,16585
1257,38.7,-121.30000000000001,38.68801431314201,-121.31106955557793,8344,17761
1258,38.7,-121.2,38.691619265428926,-121.21698383000522,3006,6000
1259,38.7,-121.10000000000001,38.67907951251397,-121.07564149118237,1185,2376
1260,38.7,-121.0,38.67327641791522,-120.99665479702526,1361,2731
1261,38.7,-120.9,38.68864862138073,-120.9072071234252,1069,2151
1262,38.7,-120.80000000000001,38.70890778624169,-120.81408080734279,1555,3113
1263,38.7,-120.7,38.715338691036074,-120.70427879809766,818,1647
1264,38.7,-120.60000000000001,38.72415690501807,-120.60841888959254,301,602
1265,38.7,-120.10000000000001,38.69313436430922,-120.08697282637144,132,270
1266,38.7,-120.0,38.70177477667369,-119.9857472398971,86,180
1267,38.7,-119.5,38.67364737801547,-119.54445819795683,22,44
1268,38.800000000000004,-123.60000000000001,38.81319444871795,-123.59076752564103,78,155
1269,38.800000000000004,-123.5,38.77463470588235,-123.53020101176469,85,171
1270,38.800000000000004,-123.10000000000001,38.8426400811959,-123.06498659769112,23,48
1271,38.800000000000004,-123.0,38.79512842688945,-123.001657737206,428,853
1272,38.800000000000004,-122.7,38.81162806756757,-122.70890543918918,148,297
1273,38.800000000000004,-122.60000000000001,38.788077013920734,-122.59271859990442,361,725
1274,38.800000000000004,-122.2,38.80008558974359,-122.17969820512822,39,80
1275,38.800000000000004,-122.0,38.78263512148907,-122.01106858440525,25,50
1276,38.800000000000004,-121.9,38.79744587899863,-121.8997360302019,160,356
1277,38.800000000000004,-121.80000000000001,38.7832052475123,-121.79225755685947,54,113
1278,38.800000000000004,-121.7,38.802247733336024,-121.72130294901902,135,280
1279,38.800000000000004,-121.60000000000001,38.796359836250666,-121.60376340133625,38,76
1280,38.800000000000004,-121.5,38.788415231060796,-121.51401741187301,465,947
1281,38.800000000000004,-121.4,38.76785851818161,-121.39068689937059,128,257
1282,38.800000000000004,-121.30000000000001,38.78374704393025,-121.2789384602716,2685,5701
1283,38.800000000000004,-121.2,38.795875003897955,-121.20693926237762,1786,4062
1284,38.800000000000004,-121.10000000000001,38.81317411462898,-121.12692833627572,212,434
1285,38.800000000000004,-121.0,38.79959712799551,-121.01964720807051,165,333
1286,38.800000000000004,-120.9,38.79633215771096,-120.89560373779801,272,552
1287,38.800000000000004,-120.80000000000001,38.77925542124542,-120.808358989011,273,550
1288,38.800000000000004,-120.7,38.77211490566038,-120.70526041509434,53,106
1289,38.800000000000004,-120.60000000000001,38.76076128230016,-120.58147005247969,297,588
1290,38.800000000000004,-120.5,38.763140330376224,-120.51057491694674,81,165
1291,38.800000000000004,-120.4,38.77783801931136,-120.41376674306836,157,319
1292,38.800000000000004,-120.30000000000001,38.772738370346225,-120.2950483746001,170,341
1293,38.800000000000004,-120.2,38.78635000655298,-120.20068219231437,99,198
1294,38.800000000000004,-120.10000000000001,38.807862856261416,-120.11144721936554,225,467
1295,38.800000000000004,-120.0,38.82448414209111,-120.02660169329937,249,508
1296,38.800000000000004,-119.9,38.77593998078029,-119.91563198053073,81,168
1297,38.800000000000004,-119.80000000000001,38.790281072315416,-119.8088626936752,67,139
1298,38.900000000000006,-123.7,38.90219282539683,-123.68300068253969,63,126
1299,38.900000000000006,-123.60000000000001,38.896475787878785,-123.61770809090909,33,66
1300,38.900000000000006,-123.2,38.89786129951879,-123.20465408270124,33,66
1301,38.900000000000006,-123.10000000000001,38.89669308184582,-123.07399470254857,112,233
1302,38.900000000000006,-123.0,38.85863544024531,-123.03793010434212,72,147
1303,38.900000000000006,-122.80000000000001,38.926966883481455,-122.78617325542048,187,377
1304,38.900000000000006,-122.7,38.90549292280826,-122.70881448991952,283,569
1305,38.900000000000006,-122.60000000000001,38.90320759623736,-122.61342754454365,375,758
1306,38.900000000000006,-122.2,38.883878375,-122.23600233333333,24,48
1307,38.900000000000006,-122.0,38.88959516110838,-121.97569820930369,294,654
1308,38.900000000000006,-121.9,38.85428004097739,-121.94523325745456,48,103
1309,38.900000000000006,-121.80000000000001,38.88195051922897,-121.80393735658866,30,62
1310,38.900000000000006,-121.7,38.88761171813202,-121.70599412315009,94,194
1311,38.900000000000006,-121.60000000000001,38.89646815524628,-121.58795377070402,176,370
1312,38.900000000000006,-121.5,38.894036277400005,-121.51405693058591,215,434
1313,38.900000000000006,-121.4,38.912492459441665,-121.37835386929716,104,212
1314,38.900000000000006,-121.30000000000001,38.88444936291125,-121.31118341784837,402,808
1315,38.900000000000006,-121.2,38.88934588928228,-121.19611073576456,455,927
1316,38.900000000000006,-121.10000000000001,38.912006476874936,-121.09727086288302,2765,5887
1317,38.900000000000006,-121.0,38.911276619676684,-121.02424862048225,486,1009
1318,38.900000000000006,-120.9,38.8987123606002,-120.89201617503385,186,380
1319,38.900000000000006,-120.80000000000001,38.89955530120482,-120.82383403012048,166,332
1320,38.900000000000006,-120.7,38.934006310344834,-120.71245237931034,29,58
1321,38.900000000000006,-120.10000000000001,38.941152645833334,-120.08375593749999,48,102
1322,38.900000000000006,-120.0,38.88307522966238,-120.00203195443612,442,892
1323,39.0,-123.7,38.98493149024401,-123.68757045833833,52,104
1324,39.0,-123.4,39.007440167341805,-123.37450219745318,72,146
1325,39.0,-123.30000000000001,39.015132769927774,-123.29962185518694,50,100
1326,39.0,-123.2,39.041514886363636,-123.16260615909091,44,88
1327,39.0,-123.10000000000001,38.984088958599976,-123.10844212309182,336,685
1328,39.0,-123.0,38.97992254310109,-123.00185573278206,162,324
1329,39.0,-122.9,39.00870244310876,-122.90177095724987,388,778
1330,39.0,-122.80000000000001,38.995146822703866,-122.81040434587507,366,735
1331,39.0,-122.7,39.00946178631325,-122.69737320848192,415,836
1332,39.0,-122.60000000000001,39.00891933686329,-122.60432605396394,222,449
1333,39.0,-122.5,39.01162803360258,-122.49545734474775,131,262
1334,39.0,-122.4,39.01224308132072,-122.38228202812769,170,352
1335,39.0,-122.10000000000001,39.01227979206051,-122.06202395256717,210,455
1336,39.0,-122.0,38.98356688655657,-122.01416103064047,59,118
1337,39.0,-121.80000000000001,39.01253207407407,-121.80782244444444,27,62
1338,39.0,-121.7,39.00507021058971,-121.67366345401788,60,123
1339,39.0,-121.60000000000001,39.00666581988191,-121.60148605852044,269,543
1340,39.0,-121.5,39.00820734919481,-121.51024653149159,423,859
1341,39.0,-121.4,38.993793550472596,-121.40140944664853,357,717
1342,39.0,-121.30000000000001,39.005008924771936,-121.30473521450207,79,158
1343,39.0,-121.10000000000001,38.99429840285044,-121.09487871842033,817,1651
1344,39.0,-121.0,39.00224041397854,-121.00259395847895,659,1430
1345,39.0,-120.9,38.9986369682207,-120.89648395201007,165,330
1346,39.0,-120.80000000000001,39.02013734246575,-120.82207915068493,73,146
1347,39.0,-120.10000000000001,38.98766332941177,-120.10896405882353,85,179
1348,39.1,-123.7,39.11089956989056,-123.70828245165416,39,78
1349,39.1,-123.5,39.09897584762516,-123.49314363592003,86,171
1350,39.1,-123.4,39.062315392857144,-123.43743199999999,28,56
1351,39.1,-123.2,39.11199789186987,-123.1952254933143,466,931
1352,39.1,-122.9,39.107897722338144,-122.89494989538194,449,901
1353,39.1,-122.80000000000001,39.09674768148148,-122.80721034567901,405,808
1354,39.1,-122.60000000000001,39.06662625,-122.59399608333332,24,48
1355,39.1,-122.30000000000001,39.117649284731876,-122.29906575071142,87,177
1356,39.1,-122.2,39.124077625,-122.182982875,24,48
1357,39.1,-122.10000000000001,39.095145601036855,-122.1012897598211,181,390
1358,39.1,-121.9,39.12040343789645,-121.91224939982881,92,190
1359,39.1,-121.80000000000001,39.13275439608403,-121.79541949558228,102,213
1360,39.1,-121.7,39.11440467853024,-121.69598032108944,234,470
1361,39.1,-121.60000000000001,39.112920253029685,-121.58652480611114,2305,4637
1362,39.1,-121.5,39.10054129101781,-121.53311215849206,726,1453
1363,39.1,-121.4,39.066862059701215,-121.3980509502378,35,70
1364,39.1,-121.2,39.09586454285715,-121.1631845142857,35,72
1365,39.1,-121.10000000000001,39.109569166644825,-121.0863430580482,594,1206
1366,39.1,-121.0,39.105974840778515,-120.98483285803229,505,1042
1367,39.1,-120.9,39.12307781192164,-120.92959638463329,393,873
1368,39.1,-120.2,39.11962108783784,-120.16184546621622,148,300
1369,39.1,-120.10000000000001,39.088522522727274,-120.13790068181817,44,88
1370,39.2,-123.80000000000001,39.225313348359045,-123.76878448673469,94,190
1371,39.2,-123.7,39.190546678511716,-123.73442176286899,102,206
1372,39.2,-123.60000000000001,39.16121829271338,-123.59125838563985,62,124
1373,39.2,-123.2,39.19548543865063,-123.20363570568409,751,1512
1374,39.2,-123.10000000000001,39.23738703971333,-123.11533691157103,85,171
1375,39.2,-123.0,39.17470522651805,-123.00622975077857,200,405
1376,39.2,-122.9,39.16524809045226,-122.91282269296482,199,404
1377,39.2,-122.2,39.192550331934626,-122.18544368841053,95,201
1378,39.2,-122.10000000000001,39.17429012671004,-122.12151434248106,96,192
1379,39.2,-122.0,39.20400551211165,-122.01184008257579,210,426
1380,39.2,-121.9,39.18681914285714,-121.90417653571429,28,56
1381,39.2,-121.80000000000001,39.1661894024132,-121.76582918945354,68,136
1382,39.2,-121.7,39.18607277410142,-121.690253269171,176,352
1383,39.2,-121.60000000000001,39.202416392522274,-121.61415351073863,361,752
1384,39.2,-121.5,39.20412964901124,-121.50955302538782,202,408
1385,39.2,-121.4,39.211384467528774,-121.40571344915546,156,324
1386,39.2,-121.30000000000001,39.204333500000004,-121.29864461504425,226,457
1387,39.2,-121.2,39.20831798678532,-121.19219879045902,388,782
1388,39.2,-121.10000000000001,39.20060988170745,-121.07841554785209,729,1467
1389,39.2,-121.0,39.204331501877114,-121.01226394897539,831,1662
1390,39.2,-120.9,39.171371962449705,-120.87727708180049,262,568
1391,39.2,-120.80000000000001,39.21222865275052,-120.78994414770342,689,1522
1392,39.2,-120.7,39.24589364516129,-120.74518419354838,31,62
1393,39.2,-120.2,39.193222746288974,-120.19897377956697,248,503
1394,39.2,-120.10000000000001,39.190536019250004,-120.11523144171419,421,844
1395,39.2,-120.0,39.23751770695971,-120.02658323443224,273,554
1396,39.300000000000004,-123.80000000000001,39.29959484555556,-123.79433551243056,144,286
1397,39.300000000000004,-123.7,39.281065276586716,-123.71986888598722,23,46
1398,39.300000000000004,-123.60000000000001,39.31202759995534,-123.58682258685461,34,68
1399,39.300000000000004,-123.5,39.34501114814815,-123.5272607037037,27,55
1400,39.300000000000004,-123.30000000000001,39.317875975092186,-123.29604337700952,307,616
1401,39.300000000000004,-123.2,39.271796205553024,-123.22115152237629,209,421
1402,39.300000000000004,-123.10000000000001,39.30697709211241,-123.10693678529371,60,120
1403,39.300000000000004,-122.2,39.29872250519516,-122.1902612687921,173,370
1404,39.300000000000004,-122.0,39.290908556919355,-122.02392207178002,83,168
1405,39.300000000000004,-121.7,39.307751167365645,-121.67675803802948,319,649
1406,39.300000000000004,-121.60000000000001,39.2923113503147,-121.60316268410966,180,359
1407,39.300000000000004,-121.5,39.302923476808274,-121.51878829400533,88,176
1408,39.300000000000004,-121.4,39.30138049714286,-121.38758741714285,175,350
1409,39.300000000000004,-121.30000000000001,39.33093476470588,-121.31715231372549,51,101
1410,39.300000000000004,-121.2,39.2718870131579,-121.1909092368421,76,151
1411,39.300000000000004,-121.10000000000001,39.29297141695764,-121.09076292594295,372,747
1412,39.300000000000004,-121.0,39.27498224444004,-121.00447629961751,359,726
1413,39.300000000000004,-120.9,39.2909720070164,-120.92030311004058,123,250
1414,39.300000000000004,-120.80000000000001,39.3152530883369,-120.79780427517832,108,215
1415,39.300000000000004,-120.7,39.288185297808546,-120.69677879039511,718,1576
1416,39.300000000000004,-120.60000000000001,39.319797683088964,-120.60084397567087,534,1192
1417,39.300000000000004,-120.5,39.31030537064133,-120.51324704659933,441,969
1418,39.300000000000004,-120.4,39.32332830268392,-120.40329470831142,480,1062
1419,39.300000000000004,-120.30000000000001,39.333726231720505,-120.31289563823832,581,1260
1420,39.300000000000004,-120.2,39.32459076280136,-120.19769322369093,592,1251
1421,39.300000000000004,-120.10000000000001,39.284227564475856,-120.10677521280475,248,514
1422,39.300000000000004,-120.0,39.25444802932199,-120.04235260454635,39,78
1423,39.400000000000006,-123.80000000000001,39.405344208622964,-123.79921119817948,328,660
1424,39.400000000000006,-123.7,39.39796644951136,-123.71437491886432,134,271
1425,39.400000000000006,-123.60000000000001,39.35378380304599,-123.58859678210891,71,142
1426,39.400000000000006,-123.5,39.371794022589356,-123.4909405422348,137,276
1427,39.400000000000006,-123.4,39.4211213033089,-123.37699869072732,316,633
1428,39.400000000000006,-123.30000000000001,39.38727558754718,-123.32252275357052,300,621
1429,39.400000000000006,-122.2,39.39326758760994,-122.19589340213079,94,210
1430,39.400000000000006,-122.0,39.40527583313866,-122.00977615646954,51,102
1431,39.400000000000006,-121.9,39.374009925925925,-121.89982429629629,27,53
1432,39.400000000000006,-121.7,39.39162716381645,-121.6864667860339,276,569
1433,39.400000000000006,-121.60000000000001,39.406697442857144,-121.59585034642858,280,562
1434,39.400000000000006,-121.5,39.42136726020412,-121.52203702678143,162,324
1435,39.400000000000006,-121.4,39.407285414964456,-121.40902117054755,119,237
1436,39.400000000000006,-121.30000000000001,39.39191729121211,-121.29870451056658,108,216
1437,39.400000000000006,-121.2,39.37709153771267,-121.21710409689983,79,159
1438,39.400000000000006,-121.10000000000001,39.38969414612673,-121.09115792396781,201,411
1439,39.400000000000006,-121.0,39.384327125,-121.002889625,40,80
1440,39.400000000000006,-120.2,39.3969736270124,-120.18800035048555,68,137
1441,39.400000000000006,-120.10000000000001,39.37382768197991,-120.10277319874274,639,1365
1442,39.400000000000006,-120.0,39.40814649111865,-120.0284704716014,518,1179
1443,39.5,-123.80000000000001,39.48288617272728,-123.78628078181818,110,219
1444,39.5,-123.4,39.49351596050422,-123.38607499780272,247,498
1445,39.5,-123.30000000000001,39.45475445,-123.339633,20,40
1446,39.5,-122.2,39.51436830177223,-122.20629366268412,234,493
1447,39.5,-122.10000000000001,39.508832673469385,-122.11818144897958,49,98
1448,39.5,-122.0,39.4913914845094,-122.01041482550825,82,177
1449,39.5,-121.9,39.48907887909442,-121.88452172094901,40,82
1450,39.5,-121.80000000000001,39.488393676314345,-121.78478410110179,22,45
1451,39.5,-121.7,39.48792342296688,-121.695130386229,172,348
1452,39.5,-121.60000000000001,39.497289841524484,-121.58118810538005,574,1157
1453,39.5,-121.5,39.49247750659317,-121.50295490083691,873,1761
1454,39.5,-121.4,39.50479609386179,-121.42008110404309,135,273
1455,39.5,-121.30000000000001,39.49263162135922,-121.29736855339806,103,206
1456,39.5,-121.2,39.48950111111111,-121.2242345111111,45,90
1457,39.5,-121.0,39.50175576127264,-121.00994561038924,57,117
1458,39.5,-120.30000000000001,39.517521249247224,-120.2900048556003,39,78
1459,39.5,-120.0,39.461219047619046,-120.00794928571429,21,44
1460,39.6,-123.80000000000001,39.59651175180492,-123.77632155329387,67,134
1461,39.6,-123.5,39.61560724504551,-123.46438993033732,78,156
1462,39.6,-123.4,39.57181549735443,-123.41649285618418,117,238
1463,39.6,-122.2,39.595616205103426,-122.20530067989588,122,269
1464,39.6,-122.10000000000001,39.577865909233694,-122.10738984442078,29,57
1465,39.6,-122.0,39.603497413484675,-122.00320272498162,95,191
1466,39.6,-121.9,39.62148575532754,-121.90361321734235,65,130
1467,39.6,-121.80000000000001,39.62144123397814,-121.78869426877884,81,162
1468,39.6,-121.7,39.616723484461225,-121.69630081658791,182,381
1469,39.6,-121.60000000000001,39.60653190002521,-121.60972808742295,175,357
1470,39.6,-121.5,39.59721675012655,-121.5342837242788,36,72
1471,39.6,-121.4,39.60503438436208,-121.42535564405703,96,197
1472,39.6,-120.80000000000001,39.55814673333334,-120.81725516666667,30,62
1473,39.6,-120.60000000000001,39.59304953686538,-120.60860530591907,32,65
1474,39.6,-120.5,39.620700163096046,-120.4889069038739,36,74
1475,39.6,-120.4,39.60417636701299,-120.39380613819708,72,144
1476,39.7,-123.80000000000001,39.69571614537886,-123.7977119697867,24,48
1477,39.7,-123.5,39.698859671236946,-123.4940095356741,180,361
1478,39.7,-123.30000000000001,39.70936606493507,-123.30527353246754,77,154
1479,39.7,-122.2,39.71730051888319,-122.19747419555117,244,505
1480,39.7,-122.10000000000001,39.730539940379415,-122.11765408235935,100,200
1481,39.7,-122.0,39.72798669031277,-122.01075491423883,138,279
1482,39.7,-121.9,39.72264796420054,-121.88559233520434,224,449
1483,39.7,-121.80000000000001,39.71652226087,-121.80545845934292,859,1726
1484,39.7,-121.7,39.692534541326694,-121.72094153906502,239,479
1485,39.7,-121.60000000000001,39.6848087351125,-121.59225226281805,116,233
1486,39.7,-121.5,39.70930441196808,-121.5156756827932,120,245
1487,39.7,-120.60000000000001,39.7315067826087,-120.58569295652174,23,46
1488,39.7,-120.4,39.667526331250464,-120.41313626862593,20,40
1489,39.7,-120.2,39.69326291666667,-120.23487808333333,24,48
1490,39.7,-120.0,39.70872253673785,-120.02478537747476,48,103
1491,39.800000000000004,-123.80000000000001,39.801445775707876,-123.80469621925177,27,54
1492,39.800000000000004,-123.7,39.84531571330668,-123.70076327549452,50,101
1493,39.800000000000004,-123.60000000000001,39.82657928933731,-123.59280341054577,99,202
1494,39.800000000000004,-123.5,39.78319838549134,-123.54177740791853,78,156
1495,39.800000000000004,-123.30000000000001,39.80388476744186,-123.2642521627907,86,172
1496,39.800000000000004,-123.2,39.80190339716312,-123.23061766666667,141,284
1497,39.800000000000004,-122.2,39.78659921195051,-122.20231691838798,225,467
1498,39.800000000000004,-122.10000000000001,39.79559348732858,-122.11092161712446,48,96
1499,39.800000000000004,-122.0,39.76504266606239,-121.97989170592433,106,219
1500,39.800000000000004,-121.9,39.782487634510204,-121.8934788858661,404,823
1501,39.800000000000004,-121.80000000000001,39.76896955635778,-121.8391861248222,165,333
1502,39.800000000000004,-121.7,39.79089444907127,-121.70939403621885,53,106
1503,39.800000000000004,-121.60000000000001,39.8269051107595,-121.59833890189873,316,631
1504,39.800000000000004,-121.5,39.77741555950776,-121.47957455452854,40,82
1505,39.800000000000004,-121.4,39.82460922047289,-121.4199203739455,24,53
1506,39.800000000000004,-120.7,39.82622044827586,-120.6662198275862,29,58
1507,39.800000000000004,-120.60000000000001,39.77627414624452,-120.60482248862328,109,219
1508,39.800000000000004,-120.5,39.80420791578947,-120.48509788421053,95,196
1509,39.800000000000004,-120.4,39.81616242493997,-120.3954251963512,66,144
1510,39.800000000000004,-120.30000000000001,39.79995100000001,-120.31675168965516,29,58
1511,39.800000000000004,-120.2,39.80124703869334,-120.19549837218553,28,56
1512,39.800000000000004,-120.10000000000001,39.79445156855796,-120.11254406123255,40,81
1513,39.800000000000004,-120.0,39.786064886881135,-120.03857239955526,65,133
1514,39.900000000000006,-123.80000000000001,39.91601657105648,-123.76399729567049,83,169
1515,39.900000000000006,-123.7,39.87443096562265,-123.72310104511065,112,228
1516,39.900000000000006,-122.30000000000001,39.925497110560435,-122.28851332496947,24,48
1517,39.900000000000006,-122.2,39.90644066602472,-122.19209706279987,405,838
1518,39.900000000000006,-122.10000000000001,39.914351711864406,-122.11245825423728,118,238
1519,39.900000000000006,-122.0,39.89923739788499,-122.00003827592586,121,244
1520,39.900000000000006,-121.7,39.89309477419355,-121.69099870967742,93,192
1521,39.900000000000006,-121.60000000000001,39.87506053508772,-121.60240035964912,114,228
1522,39.900000000000006,-121.0,39.94292085714286,-120.96859194285715,35,70
1523,39.900000000000006,-120.9,39.93552350822512,-120.92141783097189,184,372
1524,39.900000000000006,-120.80000000000001,39.90013174236676,-120.79365964182801,63,130
1525,39.900000000000006,-120.7,39.865773275234254,-120.70568447110628,44,90
1526,39.900000000000006,-120.0,39.90295959776006,-120.02089436993788,44,92
1527,40.0,-124.10000000000001,40.03329585,-124.06647304999998,20,39
1528,40.0,-124.0,40.03810695833334,-124.02778120833334,24,48
1529,40.0,-123.80000000000001,40.002128740513825,-123.78907198010616,86,176
1530,40.0,-122.4,40.007244372837846,-122.40036941959221,88,176
1531,40.0,-122.30000000000001,39.99959232845463,-122.29936494093315,39,78
1532,40.0,-122.2,39.99645178239106,-122.19331394761615,273,569
1533,40.0,-122.10000000000001,40.016037027153516,-122.10426734907652,242,487
1534,40.0,-121.60000000000001,40.01485411049398,-121.62596282618314,54,114
1535,40.0,-121.30000000000001,39.96797948805365,-121.28163391878114,25,50
1536,40.0,-121.2,40.0131785,-121.21162410526316,38,76
1537,40.0,-121.10000000000001,40.02173835483872,-121.08997587096775,31,62
1538,40.0,-121.0,40.019166435482255,-120.97157663421753,109,219
1539,40.0,-120.9,39.97467687179488,-120.92820923076924,39,78
1540,40.0,-120.10000000000001,40.02488806871956,-120.10430988526049,52,112
1541,40.0,-120.0,39.95308715536442,-120.033759179911,23,49
1542,40.1,-124.0,40.07176792,-123.96964596,25,50
1543,40.1,-123.9,40.10965914545455,-123.90213067272727,55,109
1544,40.1,-123.80000000000001,40.11011648933425,-123.80395970147126,293,588
1545,40.1,-123.7,40.1059791724138,-123.69747868965517,29,58
1546,40.1,-122.30000000000001,40.115896806451616,-122.29079383870967,31,62
1547,40.1,-122.2,40.09660682037191,-122.20155196269702,290,599
1548,40.1,-122.10000000000001,40.099162669014085,-122.11576750704226,142,287
1549,40.1,-121.60000000000001,40.078882900636486,-121.59033923981804,21,44
1550,40.1,-121.0,40.1002037864864,-120.9594490902633,46,92
1551,40.1,-120.9,40.11802046378156,-120.91618358602759,86,174
1552,40.1,-120.30000000000001,40.13217296719331,-120.26078345583748,33,66
1553,40.1,-120.2,40.113410454641304,-120.18574895282366,75,152
1554,40.1,-120.10000000000001,40.07709320582775,-120.13117244858041,23,46
1555,40.2,-123.80000000000001,40.20865540068975,-123.8011241258257,105,212
1556,40.2,-123.60000000000001,40.188344904761905,-123.59737819047619,21,42
1557,40.2,-122.30000000000001,40.2058703987979,-122.274123781177,235,491
1558,40.2,-122.2,40.18409134386226,-122.21612736170124,403,854
1559,40.2,-121.2,40.222594054566024,-121.18479844879583,22,44
1560,40.2,-121.10000000000001,40.194011207852256,-121.09283240287488,72,150
1561,40.2,-121.0,40.17226455555556,-120.99412244444446,36,73
1562,40.2,-120.4,40.18697826717444,-120.39056886515883,77,156
1563,40.2,-120.30000000000001,40.15719844320866,-120.32094876647446,20,40
1564,40.300000000000004,-123.9,40.288653093380255,-123.88838747120582,161,325
1565,40.300000000000004,-123.80000000000001,40.26117184064709,-123.82418578358144,26,52
1566,40.300000000000004,-122.80000000000001,40.32193699891968,-122.81333103648457,24,48
1567,40.300000000000004,-122.60000000000001,40.287305638712574,-122.6021610219783,35,72
1568,40.300000000000004,-122.5,40.275004324736095,-122.48897324914067,38,76
1569,40.300000000000004,-122.4,40.320071662162164,-122.38840717567568,74,147
1570,40.300000000000004,-122.30000000000001,40.30067189580395,-122.28635528591569,210,449
1571,40.300000000000004,-122.2,40.26822621739131,-122.22856352173913,23,46
1572,40.300000000000004,-122.10000000000001,40.2956067312283,-122.0975533494813,43,86
1573,40.300000000000004,-121.9,40.33776021712279,-121.9045684887838,20,40
1574,40.300000000000004,-121.7,40.34566466818312,-121.70134849134783,40,88
1575,40.300000000000004,-121.60000000000001,40.346168875,-121.6059489375,32,76
1576,40.300000000000004,-121.4,40.274767015155696,-121.40111274836491,67,139
1577,40.300000000000004,-121.30000000000001,40.27038962763872,-121.2823678431043,40,84
1578,40.300000000000004,-121.2,40.30522105508466,-121.22344968160077,87,174
1579,40.300000000000004,-121.10000000000001,40.28983458877788,-121.10257090458919,73,146
1580,40.300000000000004,-121.0,40.30913520705769,-121.00843787258378,101,205
1581,40.300000000000004,-120.9,40.3424856735194,-120.91291027978437,31,62
1582,40.300000000000004,-120.5,40.2960458304762,-120.50930063454992,177,361
1583,40.400000000000006,-124.0,40.426057418709384,-123.99007088741276,103,214
1584,40.400000000000006,-123.9,40.37278356364558,-123.93083092096244,77,163
1585,40.400000000000006,-123.7,40.425858653846156,-123.69542703846153,26,52
1586,40.400000000000006,-123.5,40.43223166806065,-123.50006967700044,32,64
1587,40.400000000000006,-122.4,40.42167858897446,-122.40059595557568,113,226
1588,40.400000000000006,-122.30000000000001,40.39793499073754,-122.28903834327078,701,1477
1589,40.400000000000006,-122.2,40.395976347625975,-122.21055214232916,114,226
1590,40.400000000000006,-121.5,40.3622520858106,-121.53227088897583,61,124
1591,40.400000000000006,-120.9,40.38573946673045,-120.8698493472173,72,144
1592,40.400000000000006,-120.80000000000001,40.40422831832646,-120.79136966869176,103,211
1593,40.400000000000006,-120.7,40.41437003225807,-120.69298349462365,93,186
1594,40.400000000000006,-120.60000000000001,40.3943185859121,-120.60957489677371,186,375
1595,40.400000000000006,-120.5,40.38058321855828,-120.5018493129525,54,108
1596,40.400000000000006,-120.4,40.37216588636364,-120.41147888636364,44,92
1597,40.400000000000006,-120.30000000000001,40.40153917914595,-120.2960886013567,25,50
1598,40.5,-124.2,40.52302754911238,-124.15685794795004,26,52
1599,40.5,-124.10000000000001,40.51634787962004,-124.11010317675381,275,556
1600,40.5,-124.0,40.50128801876733,-123.99651717753055,87,174
1601,40.5,-123.9,40.477925447592725,-123.91179874764124,37,74
1602,40.5,-123.80000000000001,40.473042232652965,-123.79914310593547,87,173
1603,40.5,-123.7,40.47389694169334,-123.70921971326575,44,88
1604,40.5,-123.60000000000001,40.48882778571429,-123.59672646428571,28,56
1605,40.5,-122.60000000000001,40.48545750873595,-122.58233786222266,29,58
1606,40.5,-122.5,40.498028212779026,-122.49210604664444,120,241
1607,40.5,-122.4,40.49955383749674,-122.3840486235007,308,638
1608,40.5,-122.30000000000001,40.49107560818791,-122.31890681131708,609,1295
1609,40.5,-122.2,40.51624343470489,-122.20830856614549,131,264
1610,40.5,-122.10000000000001,40.5129041239569,-122.1080189205327,79,158
1611,40.5,-122.0,40.50383917204301,-122.00398993548389,93,195
1612,40.5,-121.9,40.496403721311474,-121.89837731967212,122,244
1613,40.5,-121.80000000000001,40.511223083333334,-121.81297960416667,48,96
1614,40.5,-121.7,40.522771335452006,-121.69252553238093,51,102
1615,40.5,-121.60000000000001,40.53951939094578,-121.59789691026202,44,90
1616,40.5,-121.0,40.51762168938362,-121.01520009067877,39,78
1617,40.5,-120.9,40.46296197110576,-120.92568810506421,28,56
1618,40.5,-120.60000000000001,40.483604374997775,-120.59748840150439,83,166
1619,40.5,-120.5,40.47992639702133,-120.54496546178139,25,50
1620,40.6,-124.30000000000001,40.58213072980231,-124.28319445605072,38,76
1621,40.6,-124.2,40.61542065236248,-124.20120765344257,348,701
1622,40.6,-124.10000000000001,40.56875603716691,-124.13100670371755,77,156
1623,40.6,-123.2,40.5539485,-123.18144727272728,22,44
1624,40.6,-122.5,40.6000499375,-122.4835297734375,128,273
1625,40.6,-122.4,40.598584832155154,-122.37421058752079,754,1594
1626,40.6,-122.30000000000001,40.59613797338891,-122.30114860300321,339,681
1627,40.6,-122.2,40.59143893062037,-122.2298702639578,270,543
1628,40.6,-122.10000000000001,40.6027751,-122.10791515000001,20,41
1629,40.6,-121.9,40.62281872727272,-121.90483927272727,22,44
1630,40.6,-121.60000000000001,40.565704468215,-121.57330941127293,22,46
1631,40.6,-121.5,40.616829390369844,-121.50280123261385,33,66
1632,40.6,-121.2,40.6448511814893,-121.20022755950465,35,70
1633,40.6,-121.10000000000001,40.58711078206255,-121.08900836937745,38,76
1634,40.6,-120.60000000000001,40.595906873359816,-120.64107997873121,24,48
1635,40.7,-124.2,40.71319367839643,-124.20325524142174,330,659
1636,40.7,-124.10000000000001,40.735346166666666,-124.14178146666667,30,60
1637,40.7,-122.9,40.69499813636364,-122.91856304545455,66,141
1638,40.7,-122.60000000000001,40.66214204347826,-122.62161947826087,23,48
1639,40.7,-122.4,40.6759415555159,-122.3813321476265,84,172
1640,40.7,-122.30000000000001,40.699750423689565,-122.32360844200467,224,483
1641,40.7,-122.2,40.68778363291139,-122.22451432911393,79,161
1642,40.7,-122.10000000000001,40.71641075457336,-122.0917807114882,127,259
1643,40.7,-122.0,40.71082520833333,-122.00363454166667,24,48
1644,40.7,-121.4,40.68512644288212,-121.41128891758984,85,182
1645,40.7,-120.7,40.72136171201835,-120.69903574919694,43,86
1646,40.800000000000004,-124.2,40.78545503911372,-124.17613951048384,383,769
1647,40.800000000000004,-124.10000000000001,40.79718037997414,-124.11340286542249,549,1095
1648,40.800000000000004,-124.0,40.794950375,-124.01614504166668,48,96
1649,40.800000000000004,-123.10000000000001,40.765384708333336,-123.11520016666667,24,48
1650,40.800000000000004,-122.30000000000001,40.78049561850197,-122.32129462276865,117,257
1651,40.800000000000004,-122.0,40.76536340991739,-122.00693145596404,95,190
1652,40.800000000000004,-121.9,40.81940477083334,-121.93115412499999,48,98
1653,40.800000000000004,-121.5,40.796806272727274,-121.50645899999999,22,44
1654,40.800000000000004,-120.7,40.78182264294436,-120.72734182724093,35,72
1655,40.900000000000006,-124.2,40.856664712488374,-124.16010493429688,27,56
1656,40.900000000000006,-124.10000000000001,40.91085699577873,-124.0939415145342,781,1562
1657,40.900000000000006,-124.0,40.89606985808981,-124.00853782764531,217,433
1658,40.900000000000006,-123.9,40.923717135996235,-123.87929981225471,52,104
1659,40.900000000000006,-123.80000000000001,40.90805280725192,-123.79847441923673,198,399
1660,40.900000000000006,-123.7,40.917943843084196,-123.70623906726802,187,374
1661,40.900000000000006,-123.60000000000001,40.91954437647058,-123.61082586470589,170,340
1662,40.900000000000006,-123.5,40.867725004560604,-123.51730737163727,41,82
1663,40.900000000000006,-122.4,40.91681040189799,-122.40545556353126,53,113
1664,40.900000000000006,-121.9,40.87451943480675,-121.90104216257959,55,111
1665,40.900000000000006,-121.80000000000001,40.85706360983736,-121.78978216674196,71,143
1666,40.900000000000006,-121.7,40.881392440000006,-121.668295768,125,261
1667,40.900000000000006,-121.60000000000001,40.91887528668001,-121.60445213308897,93,192
1668,40.900000000000006,-120.5,40.88524680751567,-120.47685572502935,32,66
1669,41.0,-124.10000000000001,40.98379547640228,-124.10723058227202,270,542
1670,41.0,-123.7,41.02983651292247,-123.66468547957663,50,100
1671,41.0,-123.60000000000001,40.9905331593039,-123.638826414369,84,168
1672,41.0,-122.4,41.000744186677125,-122.41558129085584,32,64
1673,41.0,-121.60000000000001,40.99920404588863,-121.61189471850882,67,141
1674,41.0,-121.5,40.996641808679435,-121.50180117501102,25,50
1675,41.0,-121.4,41.01278223836078,-121.42974275179573,63,128
1676,41.0,-120.80000000000001,40.99792871366358,-120.80942739668468,41,82
1677,41.1,-124.2,41.101407099999996,-124.15376633333334,30,60
1678,41.1,-124.10000000000001,41.0738181659798,-124.13849054063208,83,165
1679,41.1,-123.7,41.08072696186498,-123.68786331294555,119,242
1680,41.1,-122.4,41.07137981556691,-122.35949487091966,103,214
1681,41.1,-122.30000000000001,41.11355232027053,-122.33393893511158,52,110
1682,41.1,-121.60000000000001,41.1094266947094,-121.64054279694007,34,68
1683,41.1,-121.4,41.05330428571428,-121.39296790476189,21,42
1684,41.1,-121.30000000000001,41.08500539149658,-121.30173921068247,40,80
1685,41.1,-121.2,41.07848973171921,-121.20348023847522,30,60
1686,41.1,-121.10000000000001,41.135705366939085,-121.12310085734075,26,52
1687,41.1,-120.9,41.09702823535227,-120.90702204390959,37,76
1688,41.1,-120.5,41.09382188115329,-120.4815833066373,36,72
1689,41.2,-124.10000000000001,41.191478009005614,-124.10554134110188,127,258
1690,41.2,-123.7,41.183585749831416,-123.69484887424133,60,122
1691,41.2,-122.30000000000001,41.20356787922587,-122.28077134501605,261,530
1692,41.2,-120.9,41.193008918087855,-120.94056965888917,20,40
1693,41.300000000000004,-124.10000000000001,41.28180814879516,-124.06999736449204,89,178
1694,41.300000000000004,-124.0,41.31603168446571,-124.0395621668533,56,111
1695,41.300000000000004,-123.60000000000001,41.274339718822034,-123.59170255231922,26,52
1696,41.300000000000004,-123.5,41.31045708114865,-123.53188360687038,28,58
1697,41.300000000000004,-122.30000000000001,41.29705366044724,-122.3078386155442,406,820
1698,41.300000000000004,-122.2,41.27335348692953,-122.20037146077578,44,88
1699,41.300000000000004,-122.10000000000001,41.25473043842461,-122.120151364245,95,198
1700,41.300000000000004,-122.0,41.2605055,-122.00512786363637,22,44
1701,41.300000000000004,-121.9,41.265707797932166,-121.90671319674253,22,44
1702,41.300000000000004,-121.80000000000001,41.25698804588258,-121.82492177831564,23,46
1703,41.300000000000004,-120.9,41.31822546578378,-120.90848150479657,30,60
1704,41.400000000000006,-124.0,41.378911376961874,-124.01389427705249,69,138
1705,41.400000000000006,-122.4,41.41001015736498,-122.39393281070674,319,664
1706,41.400000000000006,-120.9,41.417992101488,-120.90020073997958,36,76
1707,41.5,-124.0,41.49420776627091,-124.03222890290218,125,255
1708,41.5,-122.9,41.49727174151136,-122.89952009422477,29,58
1709,41.5,-122.5,41.50271211753121,-122.47191721660016,96,194
1710,41.5,-122.4,41.476380666060415,-122.3745187982742,77,160
1711,41.5,-122.2,41.53809379264213,-122.23655805290754,27,54
1712,41.5,-121.2,41.52537408589139,-121.1554547288798,35,70
1713,41.5,-121.0,41.50086756375279,-120.99700218967924,20,44
1714,41.5,-120.60000000000001,41.48519696153846,-120.59790584615385,26,52
1715,41.5,-120.5,41.50185002916473,-120.51780526533649,72,146
1716,41.5,-120.2,41.52650388287112,-120.18684991666677,25,50
1717,41.6,-124.10000000000001,41.60318577694222,-124.094440823342,178,358
1718,41.6,-122.9,41.59359200586504,-122.89317038813748,27,55
1719,41.6,-122.80000000000001,41.61777030596739,-122.80107699732676,66,139
1720,41.6,-122.5,41.62207773435153,-122.51655786493639,186,381
1721,41.6,-122.4,41.61777298173264,-122.39990304222202,65,130
1722,41.6,-122.30000000000001,41.585261469454444,-122.30908871220169,48,96
1723,41.6,-122.2,41.608920477236055,-122.191068144583,42,84
1724,41.6,-120.4,41.58618738122071,-120.40906434364985,31,63
1725,41.6,-120.30000000000001,41.55976534447885,-120.27721749413831,34,73
1726,41.7,-124.2,41.741647106981425,-124.16426514009478,69,138
1727,41.7,-124.10000000000001,41.695355074613374,-124.12190177562108,104,211
1728,41.7,-122.7,41.69723108801267,-122.70547414578554,69,139
1729,41.7,-122.60000000000001,41.70240080277621,-122.6168833211404,331,688
1730,41.7,-122.5,41.7090483,-122.52801586666666,30,60
1731,41.7,-122.10000000000001,41.6745567582711,-122.07750792392252,35,70
1732,41.800000000000004,-124.2,41.77585129970172,-124.18849343437189,534,1074
1733,41.800000000000004,-124.10000000000001,41.80690393291421,-124.1052352887957,348,706
1734,41.800000000000004,-124.0,41.8354079516455,-124.01546972955619,96,194
1735,41.800000000000004,-123.4,41.7948541400921,-123.38209408433667,39,78
1736,41.800000000000004,-123.30000000000001,41.79911747813833,-123.33341544367667,40,80
1737,41.800000000000004,-123.2,41.840316355054675,-123.19122572731416,23,48
1738,41.800000000000004,-123.0,41.80018794333297,-123.01186887490803,41,82
1739,41.800000000000004,-122.60000000000001,41.788356225054464,-122.59435522918058,228,463
1740,41.800000000000004,-122.5,41.788121770206054,-122.50464987753024,43,86
1741,41.800000000000004,-122.0,41.80825471488559,-122.01138214793181,32,64
1742,41.900000000000006,-124.2,41.91366306896552,-124.17212548275862,58,116
1743,41.900000000000006,-124.10000000000001,41.89439679333491,-124.1373003490704,143,287
1744,41.900000000000006,-123.9,41.86393879748102,-123.87280830111148,31,62
1745,41.900000000000006,-123.80000000000001,41.8901624005164,-123.8055570147021,125,262
1746,41.900000000000006,-122.80000000000001,41.86489249028149,-122.79882924414053,20,40
1747,41.900000000000006,-122.60000000000001,41.87953665864403,-122.57106771609187,213,446
1748,41.900000000000006,-122.5,41.887541,-122.49876578947368,57,114
1749,41.900000000000006,-121.4,41.900821748800446,-121.39701236292652,36,72
1750,42.0,-124.2,41.97015707640219,-124.20261890515332,70,142
1751,42.0,-123.7,41.97661466235866,-123.7346649163418,37,74
1752,42.0,-122.60000000000001,41.979744420443645,-122.60468565952775,111,225
1753,42.0,-121.9,41.97546698481026,-121.90847932297804,80,164
1754,42.0,-121.5,41.977499635708995,-121.49742957841018,34,70
